city_name,year,green_patents
三明,2012,4.2
三明,2013,6.7
三明,2014,5.9
三明,2015,6.300000000000001
三明,2016,4.7
三明,2017,8.1
三明,2018,4.5
三明,2019,5.100000000000001
三明,2020,7.800000000000001
三明,2021,8
三明,2022,8.4
三明,2023,9.4
三明,2024,7.7
上饶,2012,4.2
上饶,2013,6.4
上饶,2014,6.7
上饶,2015,8.800000000000001
上饶,2016,6
上饶,2017,9.300000000000001
上饶,2018,8.300000000000001
上饶,2019,9.5
上饶,2020,11
上饶,2021,9.9
上饶,2022,9.1
上饶,2023,12.2
上饶,2024,11.8
东营,2012,7.4
东营,2013,7.9
东营,2014,7.600000000000001
东营,2015,7
东营,2016,9.600000000000001
东营,2017,9.200000000000001
东营,2018,11.9
东营,2019,12.1
东营,2020,12.2
东营,2021,13
东营,2022,15.8
东营,2023,14
东营,2024,15.6
中山,2012,5.300000000000001
中山,2013,4.600000000000001
中山,2014,6.100000000000001
中山,2015,3.9
中山,2016,7.800000000000001
中山,2017,6.600000000000001
中山,2018,8.300000000000001
中山,2019,5
中山,2020,9.200000000000001
中山,2021,11.1
中山,2022,9
中山,2023,9.4
中山,2024,9.200000000000001
临沂,2012,9.1
临沂,2013,8.6
临沂,2014,8.6
临沂,2016,8.1
临沂,2017,8.700000000000001
临沂,2018,8.800000000000001
临沂,2019,8.700000000000001
临沂,2020,9.600000000000001
临沂,2021,10.6
临沂,2022,10.6
临沂,2023,12.6
临沂,2024,10.9
丽水,2012,5.2
丽水,2013,4.7
丽水,2014,6.5
丽水,2015,6.5
丽水,2016,6.5
丽水,2017,6.4
丽水,2018,5.7
丽水,2019,6.5
丽水,2020,8.1
丽水,2021,9
丽水,2022,8.6
丽水,2023,9.9
丽水,2024,10.8
乐山,2012,5.2
乐山,2013,4
乐山,2014,5
乐山,2015,4.9
乐山,2016,5.100000000000001
乐山,2017,6.5
乐山,2018,6.7
乐山,2019,6.9
乐山,2020,6.5
乐山,2021,6.2
乐山,2022,7.800000000000001
乐山,2023,8.200000000000001
乐山,2024,9.5
九江,2012,6.300000000000001
九江,2013,7.7
九江,2014,7.100000000000001
九江,2015,8.700000000000001
九江,2016,8
九江,2017,9.5
九江,2018,7.9
九江,2019,7.9
九江,2020,9.700000000000001
九江,2021,9.1
九江,2022,11.2
九江,2023,10.4
九江,2024,12.8
佛山,2012,9.300000000000001
佛山,2013,8
佛山,2014,8.5
佛山,2015,9.5
佛山,2016,9.700000000000001
佛山,2017,8
佛山,2018,10.1
佛山,2019,10.2
佛山,2020,12.6
佛山,2021,12.1
佛山,2022,14.3
佛山,2023,13.2
佛山,2024,12.8
信阳,2012,5.9
信阳,2013,11.1
信阳,2014,7
信阳,2015,8.1
信阳,2016,7.9
信阳,2017,8.4
信阳,2018,10.3
信阳,2019,8.6
信阳,2020,9.300000000000001
信阳,2021,10.8
信阳,2022,9.600000000000001
信阳,2023,10.1
信阳,2024,11.5
六安,2012,5.9
六安,2013,6.300000000000001
六安,2014,5.5
六安,2015,6.4
六安,2017,7
六安,2018,7.2
六安,2019,5.2
六安,2020,8.700000000000001
六安,2021,9.200000000000001
六安,2022,8.800000000000001
六安,2023,9.800000000000001
六安,2024,10.8
兰州,2012,7.5
兰州,2013,6.9
兰州,2014,8.1
兰州,2015,9.5
兰州,2016,12.7
兰州,2017,12.6
兰州,2018,12.3
兰州,2019,12.5
兰州,2020,14.4
兰州,2021,14.2
兰州,2022,15
兰州,2023,15.4
兰州,2024,15.9
十堰,2012,6.300000000000001
十堰,2013,4
十堰,2014,4.9
十堰,2015,5.300000000000001
十堰,2016,7.300000000000001
十堰,2017,7.2
十堰,2018,7.5
十堰,2019,6.300000000000001
十堰,2020,8.5
十堰,2021,7.600000000000001
十堰,2022,7.600000000000001
十堰,2023,8.5
十堰,2024,8.700000000000001
南京,2012,6.2
南京,2013,5.5
南京,2014,7.300000000000001
南京,2015,8
南京,2016,8.700000000000001
南京,2017,8.4
南京,2018,9.5
南京,2019,7
南京,2020,7.800000000000001
南京,2021,8
南京,2022,9.200000000000001
南京,2023,8.300000000000001
南京,2024,11.1
南充,2012,3.9
南充,2013,3.1
南充,2014,5.5
南充,2015,4.7
南充,2016,4.600000000000001
南充,2018,4.100000000000001
南充,2019,6
南充,2020,7.2
南充,2021,4.5
南充,2022,7.2
南充,2023,9
南充,2024,9
南平,2012,3.7
南平,2013,4.9
南平,2014,3.8
南平,2015,6.2
南平,2016,5.800000000000001
南平,2017,8.1
南平,2018,5.100000000000001
南平,2019,4.600000000000001
南平,2020,7.2
南平,2021,7.9
南平,2022,7.4
南平,2023,5.5
南平,2024,8.800000000000001
南昌,2012,7.7
南昌,2013,6.100000000000001
南昌,2014,8.300000000000001
南昌,2015,7.5
南昌,2016,8.800000000000001
南昌,2017,9.9
南昌,2018,8.9
南昌,2019,10.7
南昌,2020,10.5
南昌,2021,10.7
南昌,2022,11.7
南昌,2023,11.5
南昌,2024,14.6
南通,2012,9.1
南通,2013,10.1
南通,2014,9.700000000000001
南通,2015,10.3
南通,2016,11.7
南通,2017,10.4
南通,2018,11.5
南通,2020,10.9
南通,2021,11.2
南通,2022,12.2
南通,2023,13.6
南通,2024,14.3
南阳,2012,8
南阳,2013,6.4
南阳,2014,7.7
南阳,2015,7.7
南阳,2016,9.800000000000001
南阳,2017,10.3
南阳,2018,10.4
南阳,2019,12
南阳,2020,12.2
南阳,2021,13.6
南阳,2022,13.9
南阳,2023,15.2
南阳,2024,17.7
厦门,2012,8.5
厦门,2013,5.300000000000001
厦门,2015,7.600000000000001
厦门,2016,7.5
厦门,2017,8
厦门,2018,8.1
厦门,2019,7.5
厦门,2020,10.3
厦门,2021,12.8
厦门,2022,11.1
厦门,2023,9.300000000000001
厦门,2024,12.4
台州,2012,5.9
台州,2013,6.9
台州,2014,5.5
台州,2015,8.4
台州,2016,8.200000000000001
台州,2017,9.800000000000001
台州,2018,8.6
台州,2019,7.7
台州,2020,8.5
台州,2021,10.7
台州,2022,10.8
台州,2023,10.7
台州,2024,9.300000000000001
合肥,2012,6.300000000000001
合肥,2013,6.9
合肥,2014,5.100000000000001
合肥,2015,7.100000000000001
合肥,2016,7.800000000000001
合肥,2017,6.5
合肥,2018,6.800000000000001
合肥,2019,6.7
合肥,2020,6
合肥,2021,7.100000000000001
合肥,2022,8.1
合肥,2023,8.1
合肥,2024,9.800000000000001
吉安,2012,6.300000000000001
吉安,2013,5.4
吉安,2014,6.7
吉安,2015,6.5
吉安,2016,10.1
吉安,2017,10.9
吉安,2018,10.7
吉安,2019,13.6
吉安,2020,12.9
吉安,2021,13.1
吉安,2023,16
吉安,2024,16.2
咸宁,2012,5.800000000000001
咸宁,2013,6.9
咸宁,2014,5.7
咸宁,2015,6.7
咸宁,2016,6.5
咸宁,2017,6.800000000000001
咸宁,2018,8.5
咸宁,2019,7.2
咸宁,2020,7.5
咸宁,2021,6.4
咸宁,2022,10.4
咸宁,2023,8.9
咸宁,2024,9.200000000000001
商丘,2012,7.4
商丘,2013,10.4
商丘,2014,10.8
商丘,2015,9.4
商丘,2016,11.6
商丘,2018,12.1
商丘,2019,10.6
商丘,2020,9.800000000000001
商丘,2022,11.6
商丘,2023,11.4
商丘,2024,12.6
嘉兴,2012,7.5
嘉兴,2013,9.5
嘉兴,2014,7.4
嘉兴,2015,8.200000000000001
嘉兴,2016,9.600000000000001
嘉兴,2017,8.6
嘉兴,2018,8.5
嘉兴,2019,8.6
嘉兴,2020,10.4
嘉兴,2021,9.800000000000001
嘉兴,2022,11.1
嘉兴,2023,9
嘉兴,2024,11.7
威海,2013,4.800000000000001
威海,2014,5.7
威海,2015,6.5
威海,2016,6.800000000000001
威海,2017,5.800000000000001
威海,2018,8
威海,2019,5.800000000000001
威海,2020,6
威海,2021,9.300000000000001
威海,2022,9.4
威海,2023,9.200000000000001
威海,2024,9.5
孝感,2012,5.5
孝感,2014,6.300000000000001
孝感,2015,7.100000000000001
孝感,2016,6.100000000000001
孝感,2017,8
孝感,2018,7.5
孝感,2019,7.600000000000001
孝感,2020,7.9
孝感,2021,8.1
孝感,2022,10.2
孝感,2023,9.700000000000001
孝感,2024,10.5
宁德,2012,3.7
宁德,2013,3
宁德,2014,3.5
宁德,2015,3.4
宁德,2016,5.300000000000001
宁德,2017,5.300000000000001
宁德,2018,4.9
宁德,2019,5.800000000000001
宁德,2020,5.300000000000001
宁德,2021,6.100000000000001
宁德,2022,6.9
宁德,2023,5.300000000000001
宁德,2024,5.300000000000001
宁波,2012,9.700000000000001
宁波,2013,7.2
宁波,2014,9.600000000000001
宁波,2015,7.7
宁波,2016,11.6
宁波,2017,9
宁波,2018,10
宁波,2019,11.9
宁波,2020,11.7
宁波,2021,12.7
宁波,2022,13.1
宁波,2023,13.8
宁波,2024,15.1
安庆,2013,6.800000000000001
安庆,2014,7.600000000000001
安庆,2015,7.4
安庆,2016,9.800000000000001
安庆,2017,12
安庆,2018,11.6
安庆,2020,12.1
安庆,2022,13.7
安庆,2023,15.9
安庆,2024,17.1
安阳,2012,6.100000000000001
安阳,2013,5.600000000000001
安阳,2014,6.5
安阳,2015,7
安阳,2016,8.800000000000001
安阳,2017,7.4
安阳,2018,7.300000000000001
安阳,2019,8.4
安阳,2020,8.9
安阳,2021,6.800000000000001
安阳,2022,8.9
安阳,2023,10.8
安阳,2024,10.1
宜宾,2012,6.600000000000001
宜宾,2013,9.5
宜宾,2014,9.300000000000001
宜宾,2015,10.3
宜宾,2016,9.200000000000001
宜宾,2017,10.8
宜宾,2018,11.8
宜宾,2019,11.2
宜宾,2020,12.6
宜宾,2021,11.4
宜宾,2022,15.8
宜宾,2023,15.1
宜宾,2024,17.5
宜昌,2012,6.5
宜昌,2013,6.600000000000001
宜昌,2014,5.100000000000001
宜昌,2015,4.800000000000001
宜昌,2016,6.300000000000001
宜昌,2017,6.300000000000001
宜昌,2018,8.300000000000001
宜昌,2019,8.1
宜昌,2020,9.300000000000001
宜昌,2021,7.9
宜昌,2022,12.1
宜昌,2023,11.7
宜昌,2024,9.9
宜春,2012,7.2
宜春,2013,8.800000000000001
宜春,2015,9.700000000000001
宜春,2016,9.200000000000001
宜春,2017,11.2
宜春,2018,11
宜春,2019,12.2
宜春,2020,13.6
宜春,2021,13.5
宜春,2022,13.6
宜春,2023,14.2
宜春,2024,15.7
宿州,2012,7.5
宿州,2013,5.600000000000001
宿州,2014,8.800000000000001
宿州,2015,8.4
宿州,2016,8
宿州,2017,7.5
宿州,2018,8.9
宿州,2019,9.600000000000001
宿州,2020,11.7
宿州,2021,12.7
宿州,2022,13.6
宿州,2023,13.9
宿州,2024,13.7
宿迁,2012,9.200000000000001
宿迁,2013,8.9
宿迁,2014,7.5
宿迁,2015,8.1
宿迁,2016,9.5
宿迁,2017,11.3
宿迁,2018,10.7
宿迁,2019,12.6
宿迁,2020,13.3
宿迁,2021,14.1
宿迁,2022,15.2
宿迁,2023,16.4
宿迁,2024,16.9
岳阳,2012,6.800000000000001
岳阳,2013,5.4
岳阳,2014,5.9
岳阳,2015,6.5
岳阳,2016,6.2
岳阳,2017,7
岳阳,2018,5.600000000000001
岳阳,2019,7.800000000000001
岳阳,2020,7.4
岳阳,2021,9.300000000000001
岳阳,2022,7.300000000000001
岳阳,2024,8.6
常州,2012,2.8
常州,2013,3
常州,2014,5
常州,2015,3.7
常州,2016,4.5
常州,2017,5.100000000000001
常州,2018,5.300000000000001
常州,2019,5
常州,2020,4.600000000000001
常州,2021,7
常州,2022,5.300000000000001
常州,2023,5.300000000000001
常州,2024,8.4
常德,2012,6.2
常德,2013,6.300000000000001
常德,2014,7.2
常德,2015,8
常德,2016,7.800000000000001
常德,2017,7.5
常德,2018,8.200000000000001
常德,2019,9.700000000000001
常德,2020,11.1
常德,2021,10.4
常德,2022,11
常德,2023,12
常德,2024,11.5
平顶山,2012,3.5
平顶山,2014,6.600000000000001
平顶山,2015,5.300000000000001
平顶山,2016,5.5
平顶山,2017,5.100000000000001
平顶山,2018,5.800000000000001
平顶山,2019,5.2
平顶山,2020,7.300000000000001
平顶山,2021,8.300000000000001
平顶山,2022,7.9
平顶山,2023,7
平顶山,2024,9
广州,2012,5.9
广州,2013,6
广州,2014,7.800000000000001
广州,2015,8.300000000000001
广州,2016,7.5
广州,2017,5.600000000000001
广州,2018,9.800000000000001
广州,2019,10.4
广州,2020,9.600000000000001
广州,2021,11.7
广州,2022,11
广州,2023,13.1
广州,2024,13.2
开封,2012,6.7
开封,2013,7.100000000000001
开封,2014,5.800000000000001
开封,2015,7.800000000000001
开封,2016,7.9
开封,2017,8.1
开封,2018,6
开封,2019,6.800000000000001
开封,2020,8.700000000000001
开封,2022,6.4
开封,2023,11
开封,2024,12.2
徐州,2012,5.4
徐州,2013,6.800000000000001
徐州,2014,6.100000000000001
徐州,2015,6.100000000000001
徐州,2016,8.300000000000001
徐州,2017,9.1
徐州,2019,10
徐州,2020,12.7
徐州,2021,13.4
徐州,2022,13.4
徐州,2023,13.3
徐州,2024,15.2
德州,2012,8.200000000000001
德州,2013,5.600000000000001
德州,2014,6.600000000000001
德州,2015,8.5
德州,2016,8.9
德州,2017,10
德州,2018,8.4
德州,2019,7.600000000000001
德州,2020,8.6
德州,2021,9.800000000000001
德州,2022,9.9
德州,2023,10.3
德州,2024,9.5
德阳,2012,4.7
德阳,2013,5.100000000000001
德阳,2014,5.4
德阳,2015,6.4
德阳,2016,6.4
德阳,2017,6.7
德阳,2018,5.100000000000001
德阳,2019,8.200000000000001
德阳,2020,7.4
德阳,2021,7.800000000000001
德阳,2022,7.9
德阳,2023,8.800000000000001
德阳,2024,8.200000000000001
怀化,2012,10.9
怀化,2013,10.2
怀化,2014,9.600000000000001
怀化,2016,10
怀化,2017,11
怀化,2018,11.9
怀化,2019,11.3
怀化,2020,13.3
怀化,2021,12.1
怀化,2022,14.3
怀化,2023,13.1
怀化,2024,14.5
惠州,2012,4.100000000000001
惠州,2013,3.8
惠州,2014,3.1
惠州,2015,2.5
惠州,2016,2.7
惠州,2017,4.100000000000001
惠州,2018,4.7
惠州,2019,4.4
惠州,2020,4.600000000000001
惠州,2021,3.6
惠州,2022,5.4
惠州,2023,6.100000000000001
惠州,2024,8.4
成都,2012,4.600000000000001
成都,2013,4.600000000000001
成都,2014,6.2
成都,2015,8.300000000000001
成都,2016,7.600000000000001
成都,2017,8
成都,2018,8.5
成都,2019,10.4
成都,2021,12.9
成都,2022,13
成都,2023,11.7
成都,2024,14.4
扬州,2012,6.9
扬州,2013,6.100000000000001
扬州,2014,6.4
扬州,2016,8.1
扬州,2017,10.8
扬州,2018,11.3
扬州,2019,10.2
扬州,2020,11.4
扬州,2021,14.1
扬州,2022,13.9
扬州,2023,14.5
扬州,2024,16
抚州,2012,9.1
抚州,2013,7.300000000000001
抚州,2014,8.4
抚州,2015,6.800000000000001
抚州,2016,10.2
抚州,2017,10.4
抚州,2018,11.7
抚州,2019,11.8
抚州,2020,12.6
抚州,2021,12.9
抚州,2022,15.3
抚州,2023,14
抚州,2024,15.5
新乡,2012,7.5
新乡,2013,9.4
新乡,2014,6.5
新乡,2015,10.6
新乡,2016,11.3
新乡,2017,9.200000000000001
新乡,2018,9.800000000000001
新乡,2019,10.9
新乡,2020,12.5
新乡,2021,9.300000000000001
新乡,2022,10.8
新乡,2023,11.4
新乡,2024,10.9
无锡,2012,7.100000000000001
无锡,2013,7.100000000000001
无锡,2014,5
无锡,2015,7.600000000000001
无锡,2016,7.300000000000001
无锡,2017,6.600000000000001
无锡,2018,8
无锡,2019,6.5
无锡,2020,7.9
无锡,2021,9.5
无锡,2022,9.800000000000001
无锡,2023,10.6
无锡,2024,8.9
日照,2012,6.2
日照,2013,8.5
日照,2014,7.7
日照,2015,6.7
日照,2016,9
日照,2017,10.9
日照,2018,10.7
日照,2019,13.1
日照,2020,14.5
日照,2021,13.1
日照,2022,14
日照,2023,15.1
日照,2024,16.2
景德镇,2012,4.4
景德镇,2013,4.3
景德镇,2014,4.4
景德镇,2015,7.100000000000001
景德镇,2016,7.100000000000001
景德镇,2017,8.1
景德镇,2018,6.100000000000001
景德镇,2019,7
景德镇,2020,8.1
景德镇,2021,7.300000000000001
景德镇,2022,8.9
景德镇,2023,7.7
景德镇,2024,9.300000000000001
杭州,2012,6.9
杭州,2013,7.2
杭州,2014,8.6
杭州,2015,7.4
杭州,2016,9
杭州,2017,8.6
杭州,2018,8.6
杭州,2019,9.1
杭州,2020,9.600000000000001
杭州,2021,11.4
杭州,2022,9.800000000000001
杭州,2023,10.4
杭州,2024,11.1
枣庄,2012,7.7
枣庄,2013,8
枣庄,2014,8.700000000000001
枣庄,2015,10.8
枣庄,2016,8.700000000000001
枣庄,2017,8.1
枣庄,2018,7
枣庄,2020,9.5
枣庄,2021,9.9
枣庄,2022,12.1
枣庄,2023,10.6
枣庄,2024,10.3
株洲,2012,6.7
株洲,2013,6.600000000000001
株洲,2014,7
株洲,2015,6.300000000000001
株洲,2016,7.600000000000001
株洲,2017,8.6
株洲,2018,9.4
株洲,2019,9.4
株洲,2020,9.5
株洲,2021,9
株洲,2022,12.6
株洲,2023,13.1
武汉,2012,6.100000000000001
武汉,2013,6.5
武汉,2014,6
武汉,2016,8.9
武汉,2017,5.9
武汉,2018,6.9
武汉,2019,8.200000000000001
武汉,2020,11.3
武汉,2021,9.600000000000001
武汉,2022,10.6
武汉,2023,11.4
武汉,2024,13.3
永州,2012,10.4
永州,2013,8.4
永州,2014,9.300000000000001
永州,2015,10.3
永州,2016,11.9
永州,2017,11.1
永州,2018,12.3
永州,2019,13.3
永州,2020,13.2
永州,2021,15.5
永州,2022,14.7
永州,2023,18.3
永州,2024,16.7
汕头,2012,8.5
汕头,2013,7.4
汕头,2014,8.4
汕头,2015,9.4
汕头,2016,9.600000000000001
汕头,2018,11.8
汕头,2019,13.8
汕头,2020,15.1
汕头,2021,14.8
汕头,2022,15.7
汕头,2023,15.3
汕头,2024,19.1
江门,2012,5.9
江门,2013,5.800000000000001
江门,2014,6.600000000000001
江门,2015,7.2
江门,2016,8.700000000000001
江门,2017,8.700000000000001
江门,2018,10.1
江门,2019,8.5
江门,2020,9
江门,2021,9.700000000000001
江门,2022,9.600000000000001
江门,2023,9.700000000000001
江门,2024,10.5
泉州,2012,3.7
泉州,2013,4.800000000000001
泉州,2014,6
泉州,2015,5.2
泉州,2016,8.1
泉州,2017,6.800000000000001
泉州,2018,7.5
泉州,2019,6.9
泉州,2020,6.300000000000001
泉州,2021,7.2
泉州,2022,8.6
泉州,2024,8.800000000000001
泰安,2012,6.600000000000001
泰安,2013,5.7
泰安,2014,6.7
泰安,2015,8.1
泰安,2016,8.800000000000001
泰安,2017,7.2
泰安,2018,8
泰安,2019,9.700000000000001
泰安,2020,10.4
泰安,2021,7.9
泰安,2022,11
泰安,2023,10.6
泰安,2024,12.7
泰州,2012,6
泰州,2013,5
泰州,2014,6.7
泰州,2015,5.300000000000001
泰州,2016,5.5
泰州,2017,7.600000000000001
泰州,2018,7.300000000000001
泰州,2019,6.2
泰州,2020,9.1
泰州,2021,9.4
泰州,2022,8.1
泰州,2023,8.4
泰州,2024,8.700000000000001
泸州,2012,6.100000000000001
泸州,2013,5.800000000000001
泸州,2014,6.5
泸州,2015,7.7
泸州,2016,8.1
泸州,2017,6
泸州,2018,7.300000000000001
泸州,2019,8.700000000000001
泸州,2020,8.300000000000001
泸州,2021,9.4
泸州,2022,10.1
泸州,2023,9.5
泸州,2024,7
洛阳,2012,8.5
洛阳,2013,8.1
洛阳,2014,7.5
洛阳,2015,9
洛阳,2016,8.9
洛阳,2017,8.800000000000001
洛阳,2018,7.7
洛阳,2019,10.1
洛阳,2020,10.3
洛阳,2021,9.800000000000001
洛阳,2022,9.600000000000001
洛阳,2023,9.9
洛阳,2024,10.4
济南,2012,6.600000000000001
济南,2013,8
济南,2014,7.5
济南,2015,7.5
济南,2016,8.300000000000001
济南,2017,9.300000000000001
济南,2018,8.6
济南,2019,7.800000000000001
济南,2020,12
济南,2021,8.9
济南,2022,10.8
济南,2023,11.1
济南,2024,9.700000000000001
济宁,2012,4.5
济宁,2013,6.300000000000001
济宁,2014,5.2
济宁,2015,8
济宁,2016,6.300000000000001
济宁,2018,10.1
济宁,2020,10
济宁,2021,10.2
济宁,2022,11.7
济宁,2023,13
济宁,2024,12.6
淄博,2012,8.1
淄博,2013,9.1
淄博,2014,6.600000000000001
淄博,2015,9.5
淄博,2016,7.2
淄博,2017,9.1
淄博,2018,11.6
淄博,2019,12.4
淄博,2020,11.5
淄博,2021,14.3
淄博,2022,16.1
淄博,2023,15.3
淄博,2024,16.8
淮南,2012,7.2
淮南,2013,7.300000000000001
淮南,2014,9.5
淮南,2015,9.200000000000001
淮南,2016,10.5
淮南,2017,11.1
淮南,2018,12.9
淮南,2019,11.3
淮南,2020,14.3
淮南,2021,11.5
淮南,2022,15.1
淮南,2023,11.9
淮南,2024,14.7
淮安,2016,6.5
淮安,2017,4
淮安,2018,5.600000000000001
淮安,2019,6.9
淮安,2020,8
淮安,2021,8.5
淮安,2022,9.700000000000001
淮安,2023,9.700000000000001
淮安,2024,8.800000000000001
淮阴,2012,3.5
淮阴,2013,5.100000000000001
淮阴,2014,4.800000000000001
淮阴,2015,4.7
深圳,2012,7
深圳,2013,7.5
深圳,2014,7.300000000000001
深圳,2015,7.9
深圳,2016,8.200000000000001
深圳,2017,8
深圳,2018,9.800000000000001
深圳,2019,8.700000000000001
深圳,2021,8.9
深圳,2022,11.5
深圳,2023,9.800000000000001
深圳,2024,10.5
温州,2012,10.2
温州,2013,8.1
温州,2014,8
温州,2015,8.800000000000001
温州,2016,10.4
温州,2017,9.9
温州,2018,11.1
温州,2019,12.1
温州,2020,12.4
温州,2021,15.1
温州,2022,14.3
温州,2023,14
温州,2024,15
湖州,2012,7
湖州,2013,6.800000000000001
湖州,2014,5.2
湖州,2015,6.9
湖州,2016,7.300000000000001
湖州,2017,8.700000000000001
湖州,2018,8.800000000000001
湖州,2019,9.200000000000001
湖州,2020,8.4
湖州,2021,7.5
湖州,2022,10.8
湖州,2023,9.1
湖州,2024,11.1
湘潭,2012,6
湘潭,2013,7
湘潭,2014,7
湘潭,2015,6.300000000000001
湘潭,2016,8.4
湘潭,2017,7.5
湘潭,2018,9.5
湘潭,2019,8.4
湘潭,2020,7
湘潭,2021,9.800000000000001
湘潭,2022,10.3
湘潭,2023,9.700000000000001
湘潭,2024,10.9
湛江,2012,5.9
湛江,2013,3.2
湛江,2014,6
湛江,2015,5.5
湛江,2016,7.4
湛江,2017,5.7
湛江,2018,9
湛江,2019,7
湛江,2020,9.4
湛江,2021,8.700000000000001
湛江,2023,10.2
湛江,2024,8.800000000000001
滁州,2012,3.2
滁州,2013,6.300000000000001
滁州,2014,4.600000000000001
滁州,2015,5.9
滁州,2016,6.9
滁州,2017,6
滁州,2018,7.4
滁州,2019,7.300000000000001
滁州,2020,8.800000000000001
滁州,2021,4.600000000000001
滁州,2022,6.9
滁州,2023,8.200000000000001
滁州,2024,7.800000000000001
漯河,2012,7.800000000000001
漯河,2013,9
漯河,2014,8.9
漯河,2015,10.5
漯河,2016,8.700000000000001
漯河,2017,10.7
漯河,2018,12
漯河,2019,12.7
漯河,2020,13.9
漯河,2021,13.4
漯河,2022,13.6
漯河,2023,14.1
漯河,2024,14
漳州,2012,4
漳州,2013,4.2
漳州,2014,5.2
漳州,2015,5
漳州,2016,5.800000000000001
漳州,2017,4.2
漳州,2018,5.9
漳州,2019,7.4
漳州,2020,6.2
漳州,2021,8.200000000000001
漳州,2022,7.2
漳州,2023,8.4
漳州,2024,6.300000000000001
潍坊,2012,8.700000000000001
潍坊,2013,8.1
潍坊,2014,7.800000000000001
潍坊,2016,10.1
潍坊,2017,9.600000000000001
潍坊,2018,9.5
潍坊,2019,9.5
潍坊,2020,11.7
潍坊,2021,10.5
潍坊,2022,13.1
潍坊,2023,10.6
潍坊,2024,12
烟台,2012,8
烟台,2013,8.800000000000001
烟台,2014,6.5
烟台,2015,9.600000000000001
烟台,2016,11.5
烟台,2017,9.800000000000001
烟台,2018,10.1
烟台,2019,9.1
烟台,2020,10.7
烟台,2021,10
烟台,2022,12
烟台,2023,13.1
烟台,2024,10.3
焦作,2012,6.300000000000001
焦作,2013,6.800000000000001
焦作,2014,6.9
焦作,2015,7.4
焦作,2016,7.100000000000001
焦作,2017,8.4
焦作,2018,9.5
焦作,2019,8.800000000000001
焦作,2020,10.6
焦作,2021,11.1
焦作,2022,11.5
焦作,2023,12.4
焦作,2024,12.6
珠海,2012,0
珠海,2013,.7000000000000001
珠海,2014,1.8
珠海,2015,3.7
珠海,2016,1.9
珠海,2017,4.600000000000001
珠海,2018,4.600000000000001
珠海,2019,3.7
珠海,2020,3.1
珠海,2021,3.1
珠海,2022,4.600000000000001
珠海,2023,3.3
珠海,2024,4.2
盐城,2012,6.7
盐城,2013,8.9
盐城,2014,8.200000000000001
盐城,2015,10.6
盐城,2016,10
盐城,2017,8.6
盐城,2018,9
盐城,2019,9.9
盐城,2020,10.3
盐城,2021,8.9
盐城,2022,10.1
盐城,2023,9.800000000000001
盐城,2024,12.5
福州,2012,8
福州,2013,6.800000000000001
福州,2014,7
福州,2015,6.5
福州,2017,9.300000000000001
福州,2018,10
福州,2019,8.4
福州,2020,9.800000000000001
福州,2021,9.700000000000001
福州,2022,9.4
福州,2023,10.4
福州,2024,12.7
绍兴,2012,6.2
绍兴,2013,5.2
绍兴,2014,5.7
绍兴,2015,8.300000000000001
绍兴,2016,8.9
绍兴,2017,6.5
绍兴,2018,7.2
绍兴,2019,6.4
绍兴,2020,9.600000000000001
绍兴,2021,10
绍兴,2022,10.5
绍兴,2023,9.800000000000001
绍兴,2024,11.5
绵阳,2012,5.800000000000001
绵阳,2013,6.2
绵阳,2014,7
绵阳,2015,7
绵阳,2016,7.4
绵阳,2017,5.9
绵阳,2018,7.800000000000001
绵阳,2019,7.600000000000001
绵阳,2020,7.300000000000001
绵阳,2021,8.700000000000001
绵阳,2022,9.800000000000001
绵阳,2023,10.5
绵阳,2024,9.800000000000001
肇庆,2012,6.300000000000001
肇庆,2013,7.300000000000001
肇庆,2014,7.300000000000001
肇庆,2015,8.200000000000001
肇庆,2016,7.5
肇庆,2017,8.5
肇庆,2018,7
肇庆,2019,9.800000000000001
肇庆,2020,10.5
肇庆,2021,11.7
肇庆,2022,13
肇庆,2023,12.6
肇庆,2024,15.1
自贡,2012,5.5
自贡,2013,6.5
自贡,2014,6.7
自贡,2015,4.9
自贡,2016,6.800000000000001
自贡,2017,8.200000000000001
自贡,2018,7.4
自贡,2019,8.200000000000001
自贡,2020,9.600000000000001
自贡,2021,10.7
自贡,2022,12.8
自贡,2023,10.9
自贡,2024,12.9
舟山,2012,3
舟山,2013,5.5
舟山,2014,4.800000000000001
舟山,2015,4.800000000000001
舟山,2016,6.4
舟山,2017,5.5
舟山,2018,6.300000000000001
舟山,2019,4.600000000000001
舟山,2020,7.9
舟山,2021,5.300000000000001
舟山,2022,7.5
舟山,2023,6.300000000000001
舟山,2024,7.600000000000001
芜湖,2012,7.300000000000001
芜湖,2013,9.1
芜湖,2014,10.4
芜湖,2015,9.5
芜湖,2016,11.9
芜湖,2017,10.4
芜湖,2018,13.9
芜湖,2019,14.1
芜湖,2020,14.3
芜湖,2021,15.7
芜湖,2022,16.4
芜湖,2023,17
芜湖,2024,18.9
苏州,2013,9.1
苏州,2014,10.8
苏州,2015,8.6
苏州,2016,14.1
苏州,2017,11.9
苏州,2018,12.2
苏州,2019,14.2
苏州,2020,15.9
苏州,2021,14.7
苏州,2022,16.9
苏州,2023,16.5
苏州,2024,17.2
茂名,2012,4.100000000000001
茂名,2013,4.800000000000001
茂名,2014,6.600000000000001
茂名,2015,6.100000000000001
茂名,2016,5.2
茂名,2017,6.800000000000001
茂名,2018,7.9
茂名,2019,6.300000000000001
茂名,2020,7.600000000000001
茂名,2021,5.9
茂名,2022,9.200000000000001
茂名,2023,11
茂名,2024,9.200000000000001
荆州,2012,4
荆州,2013,5.300000000000001
荆州,2014,6.2
荆州,2015,6.100000000000001
荆州,2016,7.9
荆州,2017,6.800000000000001
荆州,2018,7.9
荆州,2019,8.700000000000001
荆州,2020,6.7
荆州,2021,9
荆州,2022,11
荆州,2024,8.9
荆门,2012,8.200000000000001
荆门,2013,7.9
荆门,2014,9
荆门,2015,6.300000000000001
荆门,2016,8.6
荆门,2017,8.300000000000001
荆门,2018,9
荆门,2019,11.5
荆门,2020,11.8
荆门,2021,11.7
荆门,2022,12.7
荆门,2023,13.2
荆门,2024,14.3
莆田,2012,7
莆田,2013,2.6
莆田,2014,4.100000000000001
莆田,2015,4
莆田,2016,5.100000000000001
莆田,2017,7.2
莆田,2018,5.5
莆田,2019,7.9
莆田,2020,8
莆田,2021,7.800000000000001
莆田,2022,6.9
莆田,2023,6.2
莆田,2024,6.9
菏泽,2012,6.2
菏泽,2013,4.800000000000001
菏泽,2014,6.100000000000001
菏泽,2015,5.300000000000001
菏泽,2016,6.600000000000001
菏泽,2017,6.4
菏泽,2018,6.9
菏泽,2019,6.600000000000001
菏泽,2020,9.1
菏泽,2021,7.7
菏泽,2022,8.9
菏泽,2023,9.800000000000001
菏泽,2024,9.1
蚌埠,2012,5.4
蚌埠,2013,3.6
蚌埠,2014,4.9
蚌埠,2015,6.2
蚌埠,2016,7.300000000000001
蚌埠,2017,5.300000000000001
蚌埠,2018,9
蚌埠,2019,9
蚌埠,2020,9.300000000000001
蚌埠,2021,8.800000000000001
蚌埠,2022,11.9
蚌埠,2023,10.7
蚌埠,2024,11.3
衡阳,2012,6.9
衡阳,2013,5.2
衡阳,2014,6
衡阳,2015,6.100000000000001
衡阳,2016,5.800000000000001
衡阳,2017,6.4
衡阳,2018,7.100000000000001
衡阳,2019,7.2
衡阳,2020,6.2
衡阳,2021,7.600000000000001
衡阳,2022,9.800000000000001
衡阳,2023,8.5
衡阳,2024,8.200000000000001
衢州,2012,7.4
衢州,2013,7.300000000000001
衢州,2014,5.800000000000001
衢州,2015,8.200000000000001
衢州,2016,8.5
衢州,2017,9.1
衢州,2018,9.200000000000001
衢州,2019,9.700000000000001
衢州,2020,11
衢州,2021,11.4
衢州,2022,12.7
衢州,2023,12.7
衢州,2024,13.6
襄樊,2012,6.9
襄樊,2013,7.300000000000001
襄樊,2014,7
襄樊,2015,10.3
襄阳,2016,11
襄阳,2017,9.200000000000001
襄阳,2018,10.7
襄阳,2019,11.3
襄阳,2020,11
襄阳,2021,11
襄阳,2022,12.5
襄阳,2023,13.4
襄阳,2024,13.6
西安,2012,9.600000000000001
西安,2013,7.5
西安,2014,7.600000000000001
西安,2015,9.700000000000001
西安,2016,11.2
西安,2017,10
西安,2018,11.1
西安,2019,12
西安,2020,12.5
西安,2021,14.1
西安,2022,14.4
西安,2023,14.3
西安,2024,16.4
许昌,2012,5.7
许昌,2013,7.800000000000001
许昌,2014,8.4
许昌,2015,8.4
许昌,2016,10.3
许昌,2017,9
许昌,2018,8.6
许昌,2019,10.3
许昌,2020,10.6
许昌,2021,10.7
许昌,2022,9.700000000000001
许昌,2023,8.700000000000001
许昌,2024,11.4
贵阳,2012,9.9
贵阳,2013,7.800000000000001
贵阳,2014,8.6
贵阳,2015,10.3
贵阳,2016,12.6
贵阳,2017,11.8
贵阳,2018,10.8
贵阳,2019,11.5
贵阳,2020,11
贵阳,2021,10.6
贵阳,2022,14.1
贵阳,2023,14
贵阳,2024,13.4
赣州,2012,7.9
赣州,2013,8.800000000000001
赣州,2014,8.800000000000001
赣州,2015,10.9
赣州,2016,8.300000000000001
赣州,2018,11
赣州,2019,11.2
赣州,2020,12.3
赣州,2021,10.2
赣州,2022,13.1
赣州,2023,14.5
赣州,2024,14.9
连云港,2012,6.2
连云港,2013,5.800000000000001
连云港,2014,6.9
连云港,2015,5.800000000000001
连云港,2016,8.200000000000001
连云港,2017,6.600000000000001
连云港,2018,6.300000000000001
连云港,2019,8.9
连云港,2020,8
连云港,2021,8.300000000000001
连云港,2022,9.200000000000001
连云港,2023,8.300000000000001
连云港,2024,8.1
邵阳,2012,3.3
邵阳,2013,4.3
邵阳,2014,5.100000000000001
邵阳,2015,5.2
邵阳,2016,5.9
邵阳,2017,5.300000000000001
邵阳,2018,3.4
邵阳,2019,7.7
邵阳,2020,8.200000000000001
邵阳,2022,7.7
邵阳,2023,7.100000000000001
邵阳,2024,7.100000000000001
郑州,2012,9.9
郑州,2013,7
郑州,2014,7.800000000000001
郑州,2015,9.800000000000001
郑州,2016,10.2
郑州,2017,10.9
郑州,2018,12.6
郑州,2019,12.8
郑州,2020,13.3
郑州,2021,13.7
郑州,2022,14.6
郑州,2023,15.8
郑州,2024,17
郴州,2012,4.3
郴州,2013,4.800000000000001
郴州,2014,4.100000000000001
郴州,2015,4.9
郴州,2016,5.5
郴州,2017,4.7
郴州,2018,5.600000000000001
郴州,2019,5.7
郴州,2020,6.9
郴州,2021,7.100000000000001
郴州,2022,8.5
郴州,2023,7
郴州,2024,9.200000000000001
金华,2012,7.7
金华,2013,7.7
金华,2014,6.100000000000001
金华,2015,6.7
金华,2016,6.9
金华,2017,6.600000000000001
金华,2018,9.5
金华,2019,9.1
金华,2020,9.5
金华,2021,9.1
金华,2022,11.3
金华,2023,11.4
金华,2024,12.7
镇江,2012,9.1
镇江,2013,6.800000000000001
镇江,2014,8.1
镇江,2015,8.6
镇江,2016,11.9
镇江,2017,11.9
镇江,2018,11.7
镇江,2019,12.2
镇江,2020,15.2
镇江,2021,15.5
镇江,2022,17.1
镇江,2023,13.7
镇江,2024,16.6
长沙,2012,6.800000000000001
长沙,2013,7.600000000000001
长沙,2014,7.100000000000001
长沙,2015,9
长沙,2016,8.700000000000001
长沙,2017,9.1
长沙,2018,7.5
长沙,2019,8.1
长沙,2020,9.800000000000001
长沙,2021,12
长沙,2022,11.6
长沙,2023,11.9
长沙,2024,11.8
阜阳,2012,3.6
阜阳,2013,5.2
阜阳,2014,6.2
阜阳,2015,5.4
阜阳,2016,6
阜阳,2017,6.9
阜阳,2018,6.5
阜阳,2020,6.9
阜阳,2021,7.600000000000001
阜阳,2022,9.4
阜阳,2023,10.3
阜阳,2024,7.600000000000001
青岛,2013,6.800000000000001
青岛,2014,9.300000000000001
青岛,2015,8.6
青岛,2016,11.3
青岛,2017,7.7
青岛,2018,9.800000000000001
青岛,2019,11
青岛,2020,10.8
青岛,2021,10.7
青岛,2022,12.9
青岛,2023,14.4
青岛,2024,12.6
韶关,2012,5.4
韶关,2013,7.4
韶关,2014,5.5
韶关,2015,5.9
韶关,2016,8.300000000000001
韶关,2017,5.300000000000001
韶关,2018,5.7
韶关,2020,11.3
韶关,2021,9.800000000000001
韶关,2022,8.700000000000001
韶关,2023,9.700000000000001
韶关,2024,10.1
马鞍山,2012,2.2
马鞍山,2013,3.7
马鞍山,2014,5.800000000000001
马鞍山,2015,4.3
马鞍山,2016,4.9
马鞍山,2017,7.600000000000001
马鞍山,2018,6.100000000000001
马鞍山,2019,9
马鞍山,2020,9.5
马鞍山,2021,9.800000000000001
马鞍山,2022,12.1
马鞍山,2023,10.5
马鞍山,2024,12.2
黄冈,2012,7.9
黄冈,2013,9.300000000000001
黄冈,2014,4.4
黄冈,2015,10.4
黄冈,2016,10
黄冈,2017,10.6
黄冈,2018,11.8
黄冈,2019,9.800000000000001
黄冈,2020,11.9
黄冈,2021,10.5
黄冈,2022,11
黄冈,2023,10.3
黄冈,2024,11.5
黄石,2012,5.300000000000001
黄石,2013,5.800000000000001
黄石,2014,3.8
黄石,2015,4.4
黄石,2016,5.9
黄石,2018,6.2
黄石,2019,6.7
黄石,2020,8.300000000000001
黄石,2021,5.9
黄石,2022,8.5
黄石,2023,6.2
黄石,2024,7.4
龙岩,2012,8.9
龙岩,2013,10
龙岩,2014,8.4
龙岩,2015,11.3
龙岩,2016,14.9
龙岩,2017,11.9
龙岩,2018,13.6
龙岩,2019,15
龙岩,2020,14.4
龙岩,2022,17
龙岩,2023,17.5
龙岩,2024,17.6
自贡,2018,7.4
德阳,2021,7.800000000000001
南充,2015,4.7
西安,2015,9.700000000000001
平顶山,2016,5.5
南充,2012,3.9
赣州,2015,10.9
株洲,2017,8.6
常州,2020,4.600000000000001
盐城,2019,9.9
孝感,2012,5.5
常州,2015,3.7
