city_code,city_name,year,gdp,pop,second_share,region
200100,南京,2012,"21,736.9",586,40.2,东部
200100,南京,2013,"23,361.9",590.5,39.9,东部
200100,南京,2014,"25,808.7",592.3,39.6,东部
200100,南京,2015,"27,927.5",594.3,39.3,东部
200100,南京,2016,"29,466.9",595.8,39,东部
200100,南京,2017,"31,558.2",598.6,38.7,东部
200100,南京,2018,"34,305.4",603.2,38.4,东部
200100,南京,2019,"37,311.4",604.7,38.1,东部
200100,南京,2020,"42,232.5",611.2,37.8,东部
200100,南京,2021,"47,112.9",613.6,37.5,东部
200100,南京,2022,"49,881.2",614.2,37.2,东部
200100,南京,2023,"55,669.0",621.5,36.9,东部
200100,南京,2024,"61,738.0",622.1,36.6,东部
200200,无锡,2012,"20,113.7",447.7,43.5,东部
200200,无锡,2013,"21,501.4",450.5,43.2,东部
200200,无锡,2014,"23,528.4",452.4,42.9,东部
200200,无锡,2015,"25,528.3",450.9,42.6,东部
200200,无锡,2016,"27,584.8",450.7,42.3,东部
200200,无锡,2017,"29,362.6",452.6,42,东部
200200,无锡,2018,"30,870.9",455.2,41.7,东部
200200,无锡,2019,"33,025.1",458.8,41.4,东部
200200,无锡,2020,"33,964.1",461.9,41.1,东部
200200,无锡,2021,"37,560.0",462.7,40.8,东部
200200,无锡,2022,"40,794.8",465.3,40.5,东部
200200,无锡,2023,"42,786.2",466.9,40.2,东部
200200,无锡,2024,"45,716.9",471,39.9,东部
200300,徐州,2012,"46,243.3",522.9,38.6,东部
200300,徐州,2013,"49,621.6",525.2,38.3,东部
200300,徐州,2014,"52,707.7",525.7,38,东部
200300,徐州,2015,"55,637.4",528.3,37.7,东部
200300,徐州,2016,"58,273.6",527.7,37.4,东部
200300,徐州,2017,"63,848.3",529.7,37.1,东部
200300,徐州,2018,"68,443.6",533,36.8,东部
200300,徐州,2019,"73,540.6",535,36.5,东部
200300,徐州,2020,"79,596.2",535.6,36.2,东部
200300,徐州,2021,"87,436.0",538,35.9,东部
200300,徐州,2022,"96,141.9",540.9,35.6,东部
200300,徐州,2023,"98,730.5",543.1,35.3,东部
200300,徐州,2024,"104,640.0",545.8,35,东部
200400,常州,2012,"12,277.8",534,38.7,东部
200400,常州,2013,"13,312.8",537.1,38.4,东部
200400,常州,2014,"14,393.3",536.8,38.1,东部
200400,常州,2015,"14,902.4",542.9,37.8,东部
200400,常州,2016,"15,779.1",546.5,37.5,东部
200400,常州,2017,"16,450.9",550.6,37.2,东部
200400,常州,2018,"17,722.5",555.3,36.9,东部
200400,常州,2019,"19,011.6",556.1,36.6,东部
200400,常州,2020,"19,734.1",560.4,36.3,东部
200400,常州,2021,"21,536.0",565.7,36,东部
200400,常州,2022,"22,994.4",567.9,35.7,东部
200400,常州,2023,"24,099.5",570.5,35.4,东部
200400,常州,2024,"25,416.1",574,35.1,东部
200500,苏州,2012,"124,326.4",472.6,41,东部
200500,苏州,2013,"131,999.7",476.4,40.7,东部
200500,苏州,2014,"140,057.0",477.1,40.4,东部
200500,苏州,2015,"149,660.5",479.5,40.1,东部
200500,苏州,2016,"158,189.1",481.2,39.8,东部
200500,苏州,2017,"168,447.8",484,39.5,东部
200500,苏州,2018,"184,818.4",488.5,39.2,东部
200500,苏州,2019,"194,677.0",491.9,38.9,东部
200500,苏州,2020,"207,924.5",494.2,38.6,东部
200500,苏州,2021,"225,703.7",499.7,38.3,东部
200500,苏州,2022,"242,865.4",502.2,38,东部
200500,苏州,2023,"260,001.5",504.6,37.7,东部
200500,苏州,2024,"286,281.4",506.9,37.4,东部
200600,南通,2012,"44,446.8",474.8,38.1,东部
200600,南通,2013,"47,661.9",477.7,37.8,东部
200600,南通,2014,"50,456.3",479.7,37.5,东部
200600,南通,2015,"55,408.5",482.7,37.2,东部
200600,南通,2016,"59,538.4",484.5,36.9,东部
200600,南通,2017,"62,922.6",488.2,36.6,东部
200600,南通,2018,"66,735.2",489.2,36.3,东部
200600,南通,2019,"73,137.7",490.6,36,东部
200600,南通,2020,"78,252.0",495.5,35.7,东部
200600,南通,2021,"85,324.2",499.3,35.4,东部
200600,南通,2022,"91,721.9",500,35.1,东部
200600,南通,2023,"98,359.1",501.9,34.8,东部
200600,南通,2024,"105,676.6",504.9,34.5,东部
200700,连云港,2012,"25,859.5",719.3,58.1,东部
200700,连云港,2013,"28,807.5",721.1,57.8,东部
200700,连云港,2014,"31,170.3",723.2,57.5,东部
200700,连云港,2015,"32,913.9",728.8,57.2,东部
200700,连云港,2016,"35,026.4",733.4,56.9,东部
200700,连云港,2017,"36,756.6",735,56.6,东部
200700,连云港,2018,"39,720.4",744.4,56.3,东部
200700,连云港,2019,"42,516.8",747.5,56,东部
200700,连云港,2020,"45,145.6",749.7,55.7,东部
200700,连云港,2021,"50,029.7",756.2,55.4,东部
200700,连云港,2022,"54,784.1",755.7,55.1,东部
200700,连云港,2023,"58,985.9",757.9,54.8,东部
200700,连云港,2024,"63,487.7",758.9,54.5,东部
200800,淮安,2012,"24,647.8",477.5,41.4,东部
200800,淮安,2013,"27,731.2",480.3,41.1,东部
200800,淮安,2014,"30,821.8",482.6,40.8,东部
200800,淮安,2015,"32,415.8",485.2,40.5,东部
200800,淮安,2016,"34,077.2",488.6,40.2,东部
200800,淮安,2017,"34,805.8",490.5,39.9,东部
200800,淮安,2018,"38,427.9",493.7,39.6,东部
200800,淮安,2019,"41,128.6",497.7,39.3,东部
200800,淮安,2020,"43,639.0",498.7,39,东部
200800,淮安,2021,"47,258.6",501,38.7,东部
200800,淮安,2022,"50,836.9",502.5,38.4,东部
200800,淮安,2023,"56,579.3",506.9,38.1,东部
200800,淮安,2024,"59,120.9",504,37.8,东部
200900,盐城,2012,"25,481.6",272.5,47.2,东部
200900,盐城,2013,"27,342.9",273.4,46.9,东部
200900,盐城,2014,"28,764.3",274.5,46.6,东部
200900,盐城,2015,"31,840.4",274.8,46.3,东部
200900,盐城,2016,"32,895.8",276.2,46,东部
200900,盐城,2017,"36,398.0",276.2,45.7,东部
200900,盐城,2018,"37,792.4",277.2,45.4,东部
200900,盐城,2019,"39,707.0",278.9,45.1,东部
200900,盐城,2020,"43,597.2",278.9,44.8,东部
200900,盐城,2021,"48,011.8",279.8,44.5,东部
200900,盐城,2022,"53,190.1",282,44.2,东部
200900,盐城,2023,"56,516.9",282.6,43.9,东部
200900,盐城,2024,"60,851.2",285.7,43.6,东部
201000,扬州,2012,"72,389.0",305.8,37.5,东部
201000,扬州,2013,"77,390.3",308.5,37.2,东部
201000,扬州,2014,"82,451.1",311.5,36.9,东部
201000,扬州,2015,"89,771.1",312.3,36.6,东部
201000,扬州,2016,"96,820.5",313.1,36.3,东部
201000,扬州,2017,"102,728.3",314.4,36,东部
201000,扬州,2018,"111,867.0",315.5,35.7,东部
201000,扬州,2019,"122,447.8",316.3,35.4,东部
201000,扬州,2020,"129,355.5",317.7,35.1,东部
201000,扬州,2021,"140,219.6",319.5,34.8,东部
201000,扬州,2022,"150,948.2",319.4,34.5,东部
201000,扬州,2023,"156,624.1",320.2,34.2,东部
201000,扬州,2024,"170,306.1",322.9,33.9,东部
201100,镇江,2012,"108,150.0",169.4,54.2,东部
201100,镇江,2013,"112,114.0",169.9,53.9,东部
201100,镇江,2014,"120,428.2",171.1,NA,东部
201100,镇江,2015,"131,072.8",172,53.3,东部
201100,镇江,2016,"135,168.4",173.1,53,东部
201100,镇江,2017,"143,338.4",174.4,52.7,东部
201100,镇江,2018,"156,418.7",174.5,52.4,东部
201100,镇江,2019,"164,081.9",176,52.1,东部
201100,镇江,2020,"170,451.9",176.7,51.8,东部
201100,镇江,2021,"181,270.7",177.3,51.5,东部
201100,镇江,2022,"197,203.9",178.7,51.2,东部
201100,镇江,2023,"208,874.6",180.1,50.9,东部
201100,镇江,2024,"225,510.2",181.7,50.6,东部
201200,泰州,2012,"15,431.3",415.2,48.9,东部
201200,泰州,2013,"16,970.6",417.3,48.6,东部
201200,泰州,2014,"18,357.0",420.3,48.3,东部
201200,泰州,2015,"19,750.5",418.7,48,东部
201200,泰州,2016,"21,470.0",420.1,47.7,东部
201200,泰州,2017,"23,207.2",421,47.4,东部
201200,泰州,2018,"25,052.7",424.7,47.1,东部
201200,泰州,2019,"26,400.9",427.5,46.8,东部
201200,泰州,2020,"28,693.5",428.2,46.5,东部
201200,泰州,2021,"30,910.6",432.1,46.2,东部
201200,泰州,2022,"33,390.1",435.1,45.9,东部
201200,泰州,2023,"35,964.4",436.8,45.6,东部
201200,泰州,2024,"38,850.3",440.4,45.3,东部
201300,宿迁,2012,"61,228.8",316.6,32.8,东部
201300,宿迁,2013,"65,568.8",317.3,32.5,东部
201300,宿迁,2014,"70,097.1",319.3,32.2,东部
201300,宿迁,2015,"76,124.3",321.1,31.9,东部
201300,宿迁,2016,"77,430.4",322.4,31.6,东部
201300,宿迁,2017,"80,081.9",324.8,31.3,东部
201300,宿迁,2018,"86,599.3",326.6,31,东部
201300,宿迁,2019,"92,850.5",326.9,30.7,东部
201300,宿迁,2020,"100,342.8",326.6,30.4,东部
201300,宿迁,2021,"106,208.6",328.8,30.1,东部
201300,宿迁,2022,"114,528.9",330.6,29.8,东部
201300,宿迁,2023,"122,593.0",332.3,29.5,东部
201300,宿迁,2024,"132,593.0",331.5,29.2,东部
201400,杭州,2012,"31,957.9",546.4,47.4,东部
201400,杭州,2013,"33,461.4",550.9,47.1,东部
201400,杭州,2014,"35,641.0",553.6,46.8,东部
201400,杭州,2015,"38,270.0",554.7,46.5,东部
201400,杭州,2016,"40,970.1",556.7,46.2,东部
201400,杭州,2017,"43,385.9",559.5,45.9,东部
201400,杭州,2018,"46,983.5",564.4,45.6,东部
201400,杭州,2019,"50,253.5",567.1,45.3,东部
201400,杭州,2020,"55,329.9",569.9,45,东部
201400,杭州,2021,"59,482.2",573.2,44.7,东部
201400,杭州,2022,"64,631.3",575.9,44.4,东部
201400,杭州,2023,"69,138.3",579.5,44.1,东部
201400,杭州,2024,"70,946.5",581.9,43.8,东部
201500,宁波,2012,"34,155.0",551.7,37.7,东部
201500,宁波,2013,"37,115.1",553.7,37.4,东部
201500,宁波,2014,"39,330.8",553.3,37.1,东部
201500,宁波,2015,"41,409.2",557.3,36.8,东部
201500,宁波,2016,"44,867.0",560.8,36.5,东部
201500,宁波,2017,"49,169.5",566.4,36.2,东部
201500,宁波,2018,"52,092.3",571.7,35.9,东部
201500,宁波,2019,"54,749.1",577.5,35.6,东部
201500,宁波,2020,"56,952.1",579.8,35.3,东部
201500,宁波,2021,"58,315.9",583.5,35,东部
201500,宁波,2022,"61,503.1",589.7,34.7,东部
201500,宁波,2023,"66,421.6",590.1,34.4,东部
201500,宁波,2024,"69,474.7",595.8,34.1,东部
201600,温州,2012,"61,687.7",316.7,30.4,东部
201600,温州,2013,"67,447.0",318.2,30.1,东部
201600,温州,2014,"71,042.0",320.1,29.8,东部
201600,温州,2015,"77,668.2",321.2,29.5,东部
201600,温州,2016,"82,591.2",323.3,29.2,东部
201600,温州,2017,"88,470.7",325.7,28.9,东部
201600,温州,2018,"92,963.6",327.6,28.6,东部
201600,温州,2019,"101,238.1",329.1,28.3,东部
201600,温州,2020,"108,039.1",331,28,东部
201600,温州,2021,"120,028.4",331.2,,东部
201600,温州,2022,"126,759.0",332.7,27.4,东部
201600,温州,2023,"135,575.4",332.8,27.1,东部
201600,温州,2024,"143,771.2",333.2,26.8,东部
201700,嘉兴,2012,"32,779.7",412.1,48.2,东部
201700,嘉兴,2013,"34,986.5",411.7,47.9,东部
201700,嘉兴,2014,"37,934.7",415.1,47.6,东部
201700,嘉兴,2015,"41,448.5",418.2,47.3,东部
201700,嘉兴,2016,"45,425.4",420.7,47,东部
201700,嘉兴,2017,"49,610.9",421.3,46.7,东部
201700,嘉兴,2018,"52,856.7",422.9,46.4,东部
201700,嘉兴,2019,"57,165.1",425.2,46.1,东部
201700,嘉兴,2020,"63,132.1",427.7,45.8,东部
201700,嘉兴,2021,"67,734.5",427.7,45.5,东部
201700,嘉兴,2022,"71,683.0",429.3,45.2,东部
201700,嘉兴,2023,"74,847.0",431.1,44.9,东部
201700,嘉兴,2024,"82,723.9",432.3,44.6,东部
201800,湖州,2012,"23,603.9",292.2,54,东部
201800,湖州,2013,"24,790.0",294.7,53.7,东部
201800,湖州,2014,"27,023.6",295.3,53.4,东部
201800,湖州,2015,"29,449.3",296.7,53.1,东部
201800,湖州,2016,"31,701.3",297.1,52.8,东部
201800,湖州,2017,"34,430.5",298.4,52.5,东部
201800,湖州,2018,"36,808.7",299.7,52.2,东部
201800,湖州,2019,"39,625.7",301.4,51.9,东部
201800,湖州,2020,"43,337.3",304.6,51.6,东部
201800,湖州,2021,"46,305.6",307.4,51.3,东部
201800,湖州,2022,"49,862.9",308.8,51,东部
201800,湖州,2023,"53,452.9",307.3,50.7,东部
201800,湖州,2024,"58,463.0",309.4,50.4,东部
201900,绍兴,2012,"27,451.9",281.1,44.6,东部
201900,绍兴,2013,"29,356.0",281.4,44.3,东部
201900,绍兴,2014,"30,947.3",282.7,44,东部
201900,绍兴,2015,"32,645.0",283.2,43.7,东部
201900,绍兴,2016,"35,009.9",284.4,43.4,东部
201900,绍兴,2017,"36,862.4",285.5,43.1,东部
201900,绍兴,2018,"38,946.9",286.3,42.8,东部
201900,绍兴,2019,"40,850.0",287.9,42.5,东部
201900,绍兴,2020,"42,859.8",287.5,42.2,东部
201900,绍兴,2021,"45,711.8",289.7,41.9,东部
201900,绍兴,2022,"47,496.8",291.4,41.6,东部
201900,绍兴,2023,"51,047.8",294.3,41.3,东部
201900,绍兴,2024,"53,117.8",296.2,41,东部
202000,金华,2012,"97,228.1",609.1,47,东部
202000,金华,2013,"107,567.6",613.9,46.7,东部
202000,金华,2014,"119,980.2",613.8,46.4,东部
202000,金华,2015,"126,011.9",617.2,46.1,东部
202000,金华,2016,"135,571.9",620.4,45.8,东部
202000,金华,2017,"140,152.1",621.6,45.5,东部
202000,金华,2018,"147,953.5",625.4,45.2,东部
202000,金华,2019,"158,306.8",627.8,44.9,东部
202000,金华,2020,"174,395.2",631.4,44.6,东部
202000,金华,2021,"182,575.5",635.3,44.3,东部
202000,金华,2022,"196,444.5",635.2,-,东部
202000,金华,2023,"205,553.3",638.3,43.7,东部
202000,金华,2024,"223,653.8",642.7,43.4,东部
202100,衢州,2012,"33,575.5",626.8,43.9,东部
202100,衢州,2013,"35,795.5",630.7,43.6,东部
202100,衢州,2014,"38,606.7",634.4,43.3,东部
202100,衢州,2015,"41,779.2",640.3,43,东部
202100,衢州,2016,"43,955.4",642,42.7,东部
202100,衢州,2017,"47,815.6",647.1,42.4,东部
202100,衢州,2018,"52,295.0",650.9,42.1,东部
202100,衢州,2019,"55,177.0",654,41.8,东部
202100,衢州,2020,-1,656,41.5,东部
202100,衢州,2021,"64,910.2",659.3,41.2,东部
202100,衢州,2022,"69,886.9",663,40.9,东部
202100,衢州,2023,"75,379.9",668.6,40.6,东部
202100,衢州,2024,"84,615.5",671.4,40.3,东部
202200,舟山,2012,"49,969.0",498.8,39.9,东部
202200,舟山,2013,"52,573.9",501.3,39.6,东部
202200,舟山,2014,"57,961.9",503.9,39.3,东部
202200,舟山,2015,"61,575.1",504.9,39,东部
202200,舟山,2016,"67,397.0",507.5,38.7,东部
202200,舟山,2017,"71,791.5",507.8,38.4,东部
202200,舟山,2018,"79,708.2",510.4,38.1,东部
202200,舟山,2019,"84,219.3",512.4,37.8,东部
202200,舟山,2020,"90,888.8",516.2,37.5,东部
202200,舟山,2021,"95,975.1",519,37.2,东部
202200,舟山,2022,"99,767.1",522.7,36.9,东部
202200,舟山,2023,"109,330.3",529.1,36.6,东部
202200,舟山,2024,"118,567.8",533.7,36.3,东部
202300,台州,2012,"31,274.8",582.3,49,东部
202300,台州,2013,"32,526.0",586,48.7,东部
202300,台州,2014,"33,898.4",589.9,-,东部
202300,台州,2015,"36,837.1",590.6,48.1,东部
202300,台州,2016,"39,179.1",592.6,47.8,东部
202300,台州,2017,"41,751.4",596.6,47.5,东部
202300,台州,2018,"44,635.0",595.6,47.2,东部
202300,台州,2019,"48,104.8",598.7,46.9,东部
202300,台州,2020,"51,330.7",600.6,46.6,东部
202300,台州,2021,"54,796.0",606.4,46.3,东部
202300,台州,2022,"58,692.0",606.8,46,东部
202300,台州,2023,"61,754.1",609.8,45.7,东部
202300,台州,2024,"64,894.9",615.1,45.4,东部
202400,丽水,2012,"62,878.6",270.5,41,东部
202400,丽水,2013,"67,948.8",272.2,40.7,东部
202400,丽水,2014,"71,762.0",275.2,40.4,东部
202400,丽水,2015,"79,772.1",276,40.1,东部
202400,丽水,2016,"85,012.9",276.6,39.8,东部
202400,丽水,2017,"90,216.4",277.2,39.5,东部
202400,丽水,2018,"97,207.1",277.9,39.2,东部
202400,丽水,2019,"104,449.1",279.5,38.9,东部
202400,丽水,2020,"108,560.4",282.6,38.6,东部
202400,丽水,2021,"120,377.1",283.4,38.3,东部
202400,丽水,2022,"132,094.3",283.2,38,东部
202400,丽水,2023,"135,441.5",284.6,37.7,东部
202400,丽水,2024,"145,815.7",286.7,37.4,东部
202500,合肥,2012,"16,002.7",719.3,45.4,中部
202500,合肥,2013,"17,052.3",721.3,45.1,中部
202500,合肥,2014,"17,632.0",724.3,44.8,中部
202500,合肥,2015,"19,173.1",725.6,44.5,中部
202500,合肥,2016,"20,552.6",726.9,44.2,中部
202500,合肥,2017,"21,419.3",729.7,43.9,中部
202500,合肥,2018,"22,660.4",732.3,43.6,中部
202500,合肥,2019,"24,286.0",736.5,43.3,中部
202500,合肥,2020,"25,882.4",736.6,43,中部
202500,合肥,2021,"27,640.0",733.7,42.7,中部
202500,合肥,2022,"29,488.4",738,42.4,中部
202500,合肥,2023,"31,592.3",741.4,42.1,中部
202500,合肥,2024,"33,010.8",744.1,41.8,中部
202600,芜湖,2012,"104,598.8",376.4,30,中部
202600,芜湖,2013,"116,683.4",378.4,29.7,中部
202600,芜湖,2014,"122,651.5",380.9,29.4,中部
202600,芜湖,2015,"129,878.2",384.2,29.1,中部
202600,芜湖,2016,"138,419.2",385.7,28.8,中部
202600,芜湖,2017,"147,037.8",387.9,28.5,中部
202600,芜湖,2018,"154,109.7",388.4,28.2,中部
202600,芜湖,2019,"161,614.9",390.4,27.9,中部
202600,芜湖,2020,"170,816.3",394.6,27.6,中部
202600,芜湖,2021,"183,755.4",395.7,27.3,中部
202600,芜湖,2022,"199,753.2",397.2,27,中部
202600,芜湖,2023,"215,125.6",400.4,26.7,中部
202600,芜湖,2024,"235,445.3",404.8,-,中部
202700,蚌埠,2012,"36,257.0",393.2,39.9,中部
202700,蚌埠,2013,"37,881.3",397.1,39.6,中部
202700,蚌埠,2014,"38,536.4",400.1,39.3,中部
202700,蚌埠,2015,"40,756.2",402.5,39,中部
202700,蚌埠,2016,"43,528.2",404.3,38.7,中部
202700,蚌埠,2017,"47,516.5",407,38.4,中部
202700,蚌埠,2018,"52,649.8",408.4,38.1,中部
202700,蚌埠,2019,"56,904.2",412.5,37.8,中部
202700,蚌埠,2020,"58,873.4",415.5,37.5,中部
202700,蚌埠,2021,"63,022.1",417.2,37.2,中部
202700,蚌埠,2022,"67,064.6",418,36.9,中部
202700,蚌埠,2023,"70,943.6",420.7,36.6,中部
202700,蚌埠,2024,"74,885.1",422.7,36.3,中部
202800,淮南,2012,"29,021.0",430.3,46.8,中部
202800,淮南,2013,"31,620.0",433.7,46.5,中部
202800,淮南,2014,"33,678.4",435.5,46.2,中部
202800,淮南,2015,"36,441.0",438.7,45.9,中部
202800,淮南,2016,"40,713.8",441.1,45.6,中部
202800,淮南,2017,"42,734.4",445.8,45.3,中部
202800,淮南,2018,"46,777.9",446.7,45,中部
202800,淮南,2019,"49,487.0",447.5,44.7,中部
202800,淮南,2020,"51,986.0",449.3,44.4,中部
202800,淮南,2021,"57,327.4",450,44.1,中部
202800,淮南,2022,"63,282.6",451.3,43.8,中部
202800,淮南,2023,"69,346.4",454.8,43.5,中部
202800,淮南,2024,"73,965.4",458.5,43.2,中部
202900,马鞍山,2012,"73,986.6",405.1,50.7,中部
202900,马鞍山,2013,"81,285.0",407.1,50.4,中部
202900,马鞍山,2014,"86,451.7",407.8,50.1,中部
202900,马鞍山,2015,"92,623.0",411.6,49.8,中部
202900,马鞍山,2016,"94,924.7",414.8,49.5,中部
202900,马鞍山,2017,"100,175.2",417,49.2,中部
202900,马鞍山,2018,"107,008.4",421.1,48.9,中部
202900,马鞍山,2019,"111,904.4",424.3,48.6,中部
202900,马鞍山,2020,"120,096.2",423,48.3,中部
202900,马鞍山,2021,"124,366.1",424.1,48,中部
202900,马鞍山,2022,"132,614.9",425.9,47.7,中部
202900,马鞍山,2023,"142,987.4",430.1,47.4,中部
202900,马鞍山,2024,"152,034.1",432,47.1,中部
203000,安庆,2012,"91,649.1",422.7,36.4,中部
203000,安庆,2013,"98,175.0",425.5,-,中部
203000,安庆,2014,"104,112.6",425.9,35.8,中部
203000,安庆,2015,"109,336.6",431.6,35.5,中部
203000,安庆,2016,"117,554.3",432.5,35.2,中部
203000,安庆,2017,"126,205.0",435.5,34.9,中部
203000,安庆,2018,"133,670.8",436.8,34.6,中部
203000,安庆,2019,"141,271.6",440,34.3,中部
203000,安庆,2020,"148,776.5",441.7,34,中部
203000,安庆,2021,"159,233.6",443.8,33.7,中部
203000,安庆,2022,"171,951.9",445.5,33.4,中部
203000,安庆,2023,"182,299.9",448.1,33.1,中部
203000,安庆,2024,"199,702.4",449.5,32.8,中部
203100,滁州,2012,"20,732.2",683.6,36.8,中部
203100,滁州,2013,"22,811.7",685.6,36.5,中部
203100,滁州,2014,"24,933.8",687.7,36.2,中部
203100,滁州,2015,"27,688.6",692.8,35.9,中部
203100,滁州,2016,"29,580.5",698.5,35.6,中部
203100,滁州,2017,"32,119.9",697.8,35.3,中部
203100,滁州,2018,"34,019.0",700.5,35,中部
203100,滁州,2019,"37,721.1",705.1,34.7,中部
203100,滁州,2020,"40,590.8",705.6,34.4,中部
203100,滁州,2021,"43,245.2",708.2,34.1,中部
203100,滁州,2022,"46,959.4",711.1,33.8,中部
203100,滁州,2023,"48,493.4",715.6,33.5,中部
203100,滁州,2024,"53,880.7",718.9,33.2,中部
203200,阜阳,2012,"32,591.8",517.8,45.3,中部
203200,阜阳,2013,"33,958.4",523.6,45,中部
203200,阜阳,2014,"37,669.5",528.5,44.7,中部
203200,阜阳,2015,"40,417.9",529.5,44.4,中部
203200,阜阳,2016,"43,014.2",532.6,44.1,中部
203200,阜阳,2017,"45,792.6",536.8,43.8,中部
203200,阜阳,2018,"48,213.2",536.7,43.5,中部
203200,阜阳,2019,"51,004.9",539,43.2,中部
203200,阜阳,2020,"54,482.3",540.9,42.9,中部
203200,阜阳,2021,"58,956.3",543.4,42.6,中部
203200,阜阳,2022,"63,791.1",545.1,42.3,中部
203200,阜阳,2023,"68,762.4",548.3,-,中部
203200,阜阳,2024,"73,127.2",549.2,41.7,中部
203300,宿州,2012,"41,817.5",201.6,55.9,中部
203300,宿州,2013,"44,907.6",202,55.6,中部
203300,宿州,2014,"47,148.0",203.2,55.3,中部
203300,宿州,2015,"48,705.8",204.9,55,中部
203300,宿州,2016,"52,353.2",205.5,54.7,中部
203300,宿州,2017,"55,702.6",206.3,54.4,中部
203300,宿州,2018,"62,333.2",208.1,54.1,中部
203300,宿州,2019,"67,606.5",208.4,53.8,中部
203300,宿州,2020,"73,474.8",208.7,53.5,中部
203300,宿州,2021,"78,144.9",208.7,53.2,中部
203300,宿州,2022,"85,425.7",209.4,52.9,中部
203300,宿州,2023,"93,105.5",211,52.6,中部
203300,宿州,2024,"99,662.9",212.3,52.3,中部
203400,六安,2012,"35,582.9",547.9,57.4,中部
203400,六安,2013,"37,825.5",548.9,57.1,中部
203400,六安,2014,"39,824.5",552.9,56.8,中部
203400,六安,2015,"43,273.3",557.1,56.5,中部
203400,六安,2016,"46,015.2",558.1,56.2,中部
203400,六安,2017,"48,209.5",562.7,55.9,中部
203400,六安,2018,"51,042.4",564.3,55.6,中部
203400,六安,2019,"56,390.6",565.5,55.3,中部
203400,六安,2020,"60,085.4",565.7,55,中部
203400,六安,2021,"63,787.4",569.4,54.7,中部
203400,六安,2022,"68,616.8",574.5,54.4,中部
203400,六安,2023,"75,954.4",579.4,54.1,中部
203400,六安,2024,"81,419.1",581.2,53.8,中部
203500,福州,2012,"14,149.6",574,34,东部
203500,福州,2013,"15,621.6",572.9,33.7,东部
203500,福州,2014,"17,078.8",578,33.4,东部
203500,福州,2015,"17,999.5",580.1,33.1,东部
203500,福州,2016,"19,635.5",583.8,32.8,东部
203500,福州,2017,"20,806.1",585,32.5,东部
203500,福州,2018,"22,463.7",589.8,32.2,东部
203500,福州,2019,"23,531.2",587.5,31.9,东部
203500,福州,2020,"24,749.3",589.2,31.6,东部
203500,福州,2021,"25,676.3",593.6,31.3,东部
203500,福州,2022,"27,579.5",595.7,31,东部
203500,福州,2023,"29,479.8",595.9,30.7,东部
203500,福州,2024,"32,324.5",597.8,30.4,东部
203600,厦门,2012,"49,634.4",393,55.3,东部
203600,厦门,2013,"52,415.4",398.3,55,东部
203600,厦门,2014,"53,812.7",400.7,54.7,东部
203600,厦门,2015,"55,912.7",404.2,54.4,东部
203600,厦门,2016,"59,960.3",406.7,54.1,东部
203600,厦门,2017,"62,918.1",407.3,53.8,东部
203600,厦门,2018,"65,799.7",408.9,53.5,东部
203600,厦门,2019,"70,146.8",410.2,53.2,东部
203600,厦门,2020,"75,136.1",412.3,52.9,东部
203600,厦门,2021,"78,350.2",416.7,52.6,东部
203600,厦门,2022,"85,279.8",418.4,-,东部
203600,厦门,2023,"95,117.8",419.1,52,东部
203600,厦门,2024,"100,587.0",422,51.7,东部
203700,莆田,2012,"24,078.4",602.4,59,东部
203700,莆田,2013,"25,946.0",606.1,58.7,东部
203700,莆田,2014,"27,667.1",610.2,58.4,东部
203700,莆田,2015,"30,495.1",616.3,58.1,东部
203700,莆田,2016,"32,804.8",618.7,57.8,东部
203700,莆田,2017,"35,129.0",625.1,57.5,东部
203700,莆田,2018,"37,970.1",628.9,57.2,东部
203700,莆田,2019,"42,934.5",629.3,56.9,东部
203700,莆田,2020,"44,981.7",634.5,56.6,东部
203700,莆田,2021,"48,914.4",638.2,56.3,东部
203700,莆田,2022,"52,675.0",641.5,56,东部
203700,莆田,2023,"57,641.2",640.9,55.7,东部
203700,莆田,2024,"60,664.7",645.9,55.4,东部
203800,三明,2012,"38,425.3",87.5,45.9,东部
203800,三明,2013,"40,243.2",88.1,45.6,东部
203800,三明,2014,"43,828.1",88.6,45.3,东部
203800,三明,2015,"48,309.3",89.2,45,东部
203800,三明,2016,"51,700.3",89.6,44.7,东部
203800,三明,2017,"54,941.4",90.5,44.4,东部
203800,三明,2018,"57,285.3",91,44.1,东部
203800,三明,2019,"61,424.1",91.6,43.8,东部
203800,三明,2020,"65,683.5",92,43.5,东部
203800,三明,2021,"69,231.4",92.3,43.2,东部
203800,三明,2022,"76,159.1",92.9,42.9,东部
203800,三明,2023,"80,638.5",93.6,42.6,东部
203800,三明,2024,"87,863.5",94.2,42.3,东部
203900,泉州,2012,"13,837.6",713.6,45.7,东部
203900,泉州,2013,"14,872.2",714.3,45.4,东部
203900,泉州,2014,"16,490.0",715.4,45.1,东部
203900,泉州,2015,"18,115.5",715.7,44.8,东部
203900,泉州,2016,"18,919.3",718.7,44.5,东部
203900,泉州,2017,"19,563.1",720.6,44.2,东部
203900,泉州,2018,"21,378.3",728.1,43.9,东部
203900,泉州,2019,"23,288.7",727.7,43.6,东部
203900,泉州,2020,"24,752.6",729.6,43.3,东部
203900,泉州,2021,"25,774.5",732.7,43,东部
203900,泉州,2022,"28,364.2",736.3,42.7,东部
203900,泉州,2023,"30,750.0",739.5,42.4,东部
203900,泉州,2024,"33,929.6",743.5,42.1,东部
204000,漳州,2012,"15,479.7",586.8,39.7,东部
204000,漳州,2013,"16,623.4",590.3,39.4,东部
204000,漳州,2014,"18,076.7",591.6,39.1,东部
204000,漳州,2015,"19,078.1",593.2,38.8,东部
204000,漳州,2016,"19,996.1",597.8,38.5,东部
204000,漳州,2017,"21,872.7",601.2,38.2,东部
204000,漳州,2018,"23,638.0",607.6,37.9,东部
204000,漳州,2019,"26,886.0",610.2,37.6,东部
204000,漳州,2020,"29,313.2",612.4,37.3,东部
204000,漳州,2021,"31,435.2",612,37,东部
204000,漳州,2022,"33,297.0",614.4,36.7,东部
204000,漳州,2023,"36,490.1",620.5,36.4,东部
204000,漳州,2024,"39,643.5",624,36.1,东部
204100,南平,2012,"33,920.1",814.2,36.1,东部
204100,南平,2013,"36,736.0",815.9,35.8,东部
204100,南平,2014,"38,091.3",823.2,35.5,东部
204100,南平,2015,"39,678.3",826.7,35.2,东部
204100,南平,2016,"43,763.4",830.3,34.9,东部
204100,南平,2017,"47,105.4",833,34.6,东部
204100,南平,2018,"50,089.4",834.2,34.3,东部
204100,南平,2019,"52,891.1",835.4,34,东部
204100,南平,2020,"57,487.4",837.3,33.7,东部
204100,南平,2021,"62,361.6",837,33.4,东部
204100,南平,2022,"66,632.5",841.4,33.1,东部
204100,南平,2023,"72,628.0",844.2,32.8,东部
204100,南平,2024,"77,349.8",849.9,32.5,东部
204200,龙岩,2012,"102,476.8",401,41.8,东部
204200,龙岩,2013,"111,437.5",404.5,41.5,东部
204200,龙岩,2014,"126,518.9",407.2,41.2,东部
204200,龙岩,2015,"138,051.7",409.4,40.9,东部
204200,龙岩,2016,"146,492.6",411.7,40.6,东部
204200,龙岩,2017,"158,140.6",99999,40.3,东部
204200,龙岩,2018,"164,541.9",417.9,40,东部
204200,龙岩,2019,"181,181.6",420,39.7,东部
204200,龙岩,2020,"196,095.6",420.9,39.4,东部
204200,龙岩,2021,"207,170.0",424.5,-,东部
204200,龙岩,2022,"222,134.1",426.1,38.8,东部
204200,龙岩,2023,"240,128.2",427.6,38.5,东部
204200,龙岩,2024,"258,654.2",430.4,38.2,东部
204300,宁德,2012,"23,492.2",223.8,49,东部
204300,宁德,2013,"24,780.2",225.5,48.7,东部
204300,宁德,2014,"26,878.6",226.9,48.4,东部
204300,宁德,2015,"28,843.6",227.5,48.1,东部
204300,宁德,2016,0,230,47.8,东部
204300,宁德,2017,"34,161.9",230.3,47.5,东部
204300,宁德,2018,"36,994.2",232.1,47.2,东部
204300,宁德,2019,"40,849.0",234.3,46.9,东部
204300,宁德,2020,"43,045.5",234.9,46.6,东部
204300,宁德,2021,"46,103.8",236.1,46.3,东部
204300,宁德,2022,"48,828.7",236.8,46,东部
204300,宁德,2023,"52,963.7",238.4,45.7,东部
204300,宁德,2024,"56,678.0",240.5,45.4,东部
204400,南昌,2012,"48,033.0",80,41.8,中部
204400,南昌,2013,"52,743.1",80.6,41.5,中部
204400,南昌,2014,"58,573.9",81,41.2,中部
204400,南昌,2015,"63,301.7",81.5,40.9,中部
204400,南昌,2016,"65,752.2",81.7,40.6,中部
204400,南昌,2017,"70,676.3",82.1,40.3,中部
204400,南昌,2018,"76,551.5",82.9,40,中部
204400,南昌,2019,"82,062.5",83.8,39.7,中部
204400,南昌,2020,"90,563.2",84.1,39.4,中部
204400,南昌,2021,"99,221.8",84.6,39.1,中部
204400,南昌,2022,"105,600.1",85.2,38.8,中部
204400,南昌,2023,"116,672.2",85.1,38.5,中部
204400,南昌,2024,"123,723.8",85.4,38.2,中部
204500,九江,2012,"44,527.9",447.8,60.1,中部
204500,九江,2013,"47,868.7",450.2,59.8,中部
204500,九江,2014,"52,260.3",452.2,59.5,中部
204500,九江,2015,"56,757.9",455,59.2,中部
204500,九江,2016,"61,029.7",456.7,58.9,中部
204500,九江,2017,"64,193.1",456.5,58.6,中部
204500,九江,2018,"67,717.3",458.5,58.3,中部
204500,九江,2019,"74,561.6",462.8,58,中部
204500,九江,2020,"81,138.3",461.6,57.7,中部
204500,九江,2021,"88,158.3",462.2,57.4,中部
204500,九江,2022,"94,084.1",467.1,57.1,中部
204500,九江,2023,"100,290.4",469.4,56.8,中部
204500,九江,2024,"101,912.5",470.8,56.5,中部
204600,赣州,2012,"62,276.5",367.1,35.3,中部
204600,赣州,2013,"65,992.0",369.9,35,中部
204600,赣州,2014,"71,194.7",371.7,34.7,中部
204600,赣州,2015,"74,644.5",372.4,34.4,中部
204600,赣州,2016,"79,924.7",373,34.1,中部
204600,赣州,2017,"86,713.2",374.4,33.8,中部
204600,赣州,2018,"94,814.0",376.1,33.5,中部
204600,赣州,2019,"101,142.9",377.7,33.2,中部
204600,赣州,2020,"106,764.6",381.2,32.9,中部
204600,赣州,2021,"117,862.4",384.1,32.6,中部
204600,赣州,2022,"124,180.5",383.9,32.3,中部
204600,赣州,2023,"133,997.9",385.4,32,中部
204600,赣州,2024,"139,381.5",389.5,31.7,中部
204700,吉安,2012,"43,198.7",670.5,23.9,中部
204700,吉安,2013,"47,409.7",670.9,23.6,中部
204700,吉安,2014,"51,547.3",675.8,23.3,中部
204700,吉安,2015,"54,808.9",681.4,23,中部
204700,吉安,2016,"59,719.7",683.6,22.7,中部
204700,吉安,2017,"64,370.2",685.1,22.4,中部
204700,吉安,2018,"70,812.5",687.5,22.1,中部
204700,吉安,2019,"75,746.1",690.7,21.8,中部
204700,吉安,2020,"80,166.2",692.7,21.5,中部
204700,吉安,2021,"85,128.5",695.4,21.2,中部
204700,吉安,2022,"89,189.9",695.8,20.9,中部
204700,吉安,2023,"95,318.6",697.2,20.6,中部
204700,吉安,2024,"100,288.4",701.5,20.3,中部
204800,宜春,2012,"52,712.6",524.7,38.8,中部
204800,宜春,2013,"56,282.9",527.1,38.5,中部
204800,宜春,2014,"62,533.6",531.8,38.2,中部
204800,宜春,2015,"66,850.2",534.2,37.9,中部
204800,宜春,2016,"71,171.7",537.2,37.6,中部
204800,宜春,2017,"76,851.6",539.1,37.3,中部
204800,宜春,2018,"79,132.3",543,37,中部
204800,宜春,2019,"83,744.3",546.1,36.7,中部
204800,宜春,2020,"90,780.1",551.4,36.4,中部
204800,宜春,2021,"95,630.2",554.3,36.1,中部
204800,宜春,2022,"101,265.9",556.8,35.8,中部
204800,宜春,2023,"108,560.2",562.1,35.5,中部
204800,宜春,2024,"114,691.0",565,35.2,中部
204900,上饶,2012,"36,920.1",507.7,48.3,中部
204900,上饶,2013,"40,352.7",509.9,48,中部
204900,上饶,2014,"44,819.5",512.6,47.7,中部
204900,上饶,2015,"48,729.8",515.8,47.4,中部
204900,上饶,2016,"50,775.1",518.3,47.1,中部
204900,上饶,2017,"55,630.1",521.5,46.8,中部
204900,上饶,2018,"60,618.4",521.3,46.5,中部
204900,上饶,2019,"62,807.2",524.3,46.2,中部
204900,上饶,2020,"68,699.9",528.3,45.9,中部
204900,上饶,2021,"72,447.9",528.6,NA,中部
204900,上饶,2022,"78,996.8",529.9,45.3,中部
204900,上饶,2023,"82,706.0",531.4,45,中部
204900,上饶,2024,"87,096.9",537.1,44.7,中部
205000,抚州,2012,"60,038.6",371.4,43.9,中部
205000,抚州,2013,"61,439.8",372.2,,中部
205000,抚州,2014,"63,419.9",375.5,43.3,中部
205000,抚州,2015,"69,345.9",376.5,43,中部
205000,抚州,2016,"73,241.9",378.4,42.7,中部
205000,抚州,2017,"77,892.2",381.7,42.4,中部
205000,抚州,2018,"83,388.9",384.3,42.1,中部
205000,抚州,2019,"92,906.0",387.9,41.8,中部
205000,抚州,2020,"99,350.3",389.4,41.5,中部
205000,抚州,2021,"106,986.6",392.1,41.2,中部
205000,抚州,2022,"111,878.3",393.1,40.9,中部
205000,抚州,2023,"119,268.9",394.9,40.6,中部
205000,抚州,2024,"125,887.5",397,40.3,中部
205100,景德镇,2012,"11,629.6",455.8,45.8,中部
205100,景德镇,2013,"13,177.8",457.1,45.5,中部
205100,景德镇,2014,"14,338.1",461.9,45.2,中部
205100,景德镇,2015,"15,582.8",464.7,44.9,中部
205100,景德镇,2016,"16,670.1",467,44.6,中部
205100,景德镇,2017,"18,762.7",470.5,44.3,中部
205100,景德镇,2018,"20,044.4",472.3,44,中部
205100,景德镇,2019,"22,301.8",476.7,43.7,中部
205100,景德镇,2020,"24,263.4",480.9,43.4,中部
205100,景德镇,2021,"25,797.0",482.1,43.1,中部
205100,景德镇,2022,"29,230.1",484.7,42.8,中部
205100,景德镇,2023,"32,151.9",489.5,42.5,中部
205100,景德镇,2024,"34,570.4",489.2,42.2,中部
205200,济南,2012,"14,513.5",146.3,57.7,东部
205200,济南,2013,"15,756.6",147.4,57.4,东部
205200,济南,2014,"17,027.9",148,57.1,东部
205200,济南,2015,"18,211.3",149,56.8,东部
205200,济南,2016,"19,613.3",149.9,56.5,东部
205200,济南,2017,"20,327.8",151.3,56.2,东部
205200,济南,2018,"21,513.2",152.1,55.9,东部
205200,济南,2019,"23,277.0",152.7,55.6,东部
205200,济南,2020,"24,883.2",153.2,55.3,东部
205200,济南,2021,"26,916.1",154.1,,东部
205200,济南,2022,"28,473.8",155.5,,东部
205200,济南,2023,"30,113.6",156.8,54.4,东部
205200,济南,2024,"32,577.2",157.9,54.1,东部
205300,青岛,2012,"96,225.1",669.6,44.3,东部
205300,青岛,2013,"102,503.3",674.6,44,东部
205300,青岛,2014,"112,094.8",682,43.7,东部
205300,青岛,2015,"119,818.2",686.8,43.4,东部
205300,青岛,2016,"123,879.0",689.6,43.1,东部
205300,青岛,2017,"131,409.0",693.8,42.8,东部
205300,青岛,2018,"144,582.0",695.4,42.5,东部
205300,青岛,2019,"156,549.5",700.9,42.2,东部
205300,青岛,2020,"173,481.6",706.8,41.9,东部
205300,青岛,2021,"189,216.6",712.3,41.6,东部
205300,青岛,2022,"196,154.0",717.5,41.3,东部
205300,青岛,2023,"208,012.5",720,41,东部
205300,青岛,2024,"225,241.6",721.7,40.7,东部
205400,淄博,2012,"122,763.3",574.1,42.3,东部
205400,淄博,2013,"135,687.7",577.4,42,东部
205400,淄博,2014,"144,129.2",580.4,41.7,东部
205400,淄博,2015,"152,617.4",586.4,41.4,东部
205400,淄博,2016,"166,471.8",589.4,41.1,东部
205400,淄博,2017,"178,929.9",592.7,40.8,东部
205400,淄博,2018,"188,682.7",596.1,40.5,东部
205400,淄博,2019,"205,017.8",599.3,40.2,东部
205400,淄博,2020,"211,745.0",602.2,39.9,东部
205400,淄博,2021,"232,744.7",605.9,39.6,东部
205400,淄博,2022,"252,329.2",611.1,39.3,东部
205400,淄博,2023,"261,110.2",614.1,39,东部
205400,淄博,2024,"279,064.9",619.1,38.7,东部
205500,枣庄,2012,"43,374.1",443.6,46.4,东部
205500,枣庄,2013,"47,881.0",446.8,NA,东部
205500,枣庄,2014,"51,180.2",449.1,45.8,东部
205500,枣庄,2015,"54,685.6",449.9,45.5,东部
205500,枣庄,2016,"57,485.3",451,45.2,东部
205500,枣庄,2017,"61,852.2",450.4,44.9,东部
205500,枣庄,2018,"65,010.7",449.9,44.6,东部
205500,枣庄,2019,"67,033.6",452.6,44.3,东部
205500,枣庄,2020,"73,610.3",455.5,44,东部
205500,枣庄,2021,"77,924.9",458.9,43.7,东部
205500,枣庄,2022,"84,269.1",461.3,43.4,东部
205500,枣庄,2023,"90,372.8",465.7,43.1,东部
205500,枣庄,2024,"95,534.4",466.3,42.8,东部
205600,东营,2012,"64,727.9",306.7,42.1,东部
205600,东营,2013,"69,262.7",307.4,41.8,东部
205600,东营,2014,"74,317.1",309.6,41.5,东部
205600,东营,2015,"78,060.6",311,41.2,东部
205600,东营,2016,"83,301.2",314,40.9,东部
205600,东营,2017,"88,264.8",316.4,40.6,东部
205600,东营,2018,"94,834.2",317.4,40.3,东部
205600,东营,2019,"99,338.0",317.8,40,东部
205600,东营,2020,"111,797.3",317.6,,东部
205600,东营,2021,"121,525.2",320.3,39.4,东部
205600,东营,2022,"127,255.3",321.8,39.1,东部
205600,东营,2023,"137,640.7",323.3,38.8,东部
205600,东营,2024,"146,784.5",323.5,38.5,东部
205700,烟台,2012,"36,912.7",474,27.4,东部
205700,烟台,2013,"39,755.5",478.1,27.1,东部
205700,烟台,2014,"40,841.2",482.5,26.8,东部
205700,烟台,2015,"43,634.9",486,26.5,东部
205700,烟台,2016,"46,112.5",488,26.2,东部
205700,烟台,2017,"49,079.8",489.8,25.9,东部
205700,烟台,2018,"54,143.4",491,25.6,东部
205700,烟台,2019,"57,967.1",492.6,25.3,东部
205700,烟台,2020,"62,419.0",494.2,25,东部
205700,烟台,2021,"67,090.6",498.5,24.7,东部
205700,烟台,2022,"73,375.2",499.6,24.4,东部
205700,烟台,2023,"76,580.4",501.1,24.1,东部
205700,烟台,2024,"84,350.1",506.2,23.8,东部
205800,潍坊,2012,"45,231.7",194.8,49,东部
205800,潍坊,2013,"48,349.0",194.8,48.7,东部
205800,潍坊,2014,"51,891.8",195.1,48.4,东部
205800,潍坊,2015,"55,926.5",196.4,48.1,东部
205800,潍坊,2016,"59,194.7",197.1,47.8,东部
205800,潍坊,2017,"62,734.6",198.8,47.5,东部
205800,潍坊,2018,"67,710.2",199.3,47.2,东部
205800,潍坊,2019,"71,519.3",199.8,46.9,东部
205800,潍坊,2020,"75,864.9",201.3,46.6,东部
205800,潍坊,2021,"77,969.5",202.3,46.3,东部
205800,潍坊,2022,"85,099.7",202.4,46,东部
205800,潍坊,2023,"89,714.0",203.1,45.7,东部
205800,潍坊,2024,"96,392.5",204.3,45.4,东部
205900,济宁,2012,"45,946.5",657,49.1,东部
205900,济宁,2013,"50,176.2",661.6,48.8,东部
205900,济宁,2014,"50,520.9",665.7,48.5,东部
205900,济宁,2015,"52,896.4",667.7,48.2,东部
205900,济宁,2016,"57,878.9",674.1,47.9,东部
205900,济宁,2017,"60,390.6",676.1,47.6,东部
205900,济宁,2018,"65,099.7",681.5,47.3,东部
205900,济宁,2019,"69,557.3",687,47,东部
205900,济宁,2020,"73,255.7",692,46.7,东部
205900,济宁,2021,"78,503.2",692.7,46.4,东部
205900,济宁,2022,"83,062.9",697.9,46.1,东部
205900,济宁,2023,"90,289.4",702.8,45.8,东部
205900,济宁,2024,"95,135.5",708.5,45.5,东部
206000,泰安,2012,"34,208.6",527,42.7,东部
206000,泰安,2013,"38,352.6",527.7,42.4,东部
206000,泰安,2014,"41,406.6",532.7,42.1,东部
206000,泰安,2015,"45,514.7",535.6,41.8,东部
206000,泰安,2016,"49,494.5",542.1,41.5,东部
206000,泰安,2017,"52,980.7",546.9,41.2,东部
206000,泰安,2018,"54,779.3",551.3,40.9,东部
206000,泰安,2019,"57,769.4",554.5,40.6,东部
206000,泰安,2020,"61,363.4",559.5,40.3,东部
206000,泰安,2021,"66,356.2",563.1,40,东部
206000,泰安,2022,"70,930.0",565.9,39.7,东部
206000,泰安,2023,"78,927.3",568.8,39.4,东部
206000,泰安,2024,"85,346.7",571.9,39.1,东部
206100,威海,2012,"30,312.2",427.9,44.7,东部
206100,威海,2013,"34,145.1",428.8,44.4,东部
206100,威海,2014,"36,652.8",430,44.1,东部
206100,威海,2015,"38,446.7",431.2,43.8,东部
206100,威海,2016,"42,253.8",431,43.5,东部
206100,威海,2017,"44,238.2",431.7,43.2,东部
206100,威海,2018,"46,087.7",433.3,42.9,东部
206100,威海,2019,"48,210.1",433.8,42.6,东部
206100,威海,2020,"52,917.1",436.4,42.3,东部
206100,威海,2021,"57,194.7",440.3,42,东部
206100,威海,2022,"60,353.8",442.3,41.7,东部
206100,威海,2023,"65,123.3",443.5,41.4,东部
206100,威海,2024,"68,975.7",445.4,41.1,东部
206200,日照,2012,"56,061.0",253.2,43,东部
206200,日照,2013,"57,617.2",254.1,42.7,东部
206200,日照,2014,"62,301.5",254.6,42.4,东部
206200,日照,2015,"67,327.5",255.2,42.1,东部
206200,日照,2016,"70,232.9",256.6,41.8,东部
206200,日照,2017,"76,560.0",256.7,-,东部
206200,日照,2018,"81,992.6",257.4,41.2,东部
206200,日照,2019,"87,416.2",257.6,40.9,东部
206200,日照,2020,"92,404.3",259.2,40.6,东部
206200,日照,2021,"98,754.7",260.6,40.3,东部
206200,日照,2022,"106,573.0",263.2,40,东部
206200,日照,2023,"115,121.0",265.2,39.7,东部
206200,日照,2024,"123,792.3",265.7,39.4,东部
206300,临沂,2012,"42,920.2",333.7,40.7,东部
206300,临沂,2013,"46,463.6",335.6,40.4,东部
206300,临沂,2014,"50,535.2",335.3,40.1,东部
206300,临沂,2015,"55,294.8",338.8,39.8,东部
206300,临沂,2016,"61,633.2",341,39.5,东部
206300,临沂,2017,"65,189.3",343.5,39.2,东部
206300,临沂,2018,"69,497.5",345.4,,东部
206300,临沂,2019,"73,641.5",345.2,38.6,东部
206300,临沂,2020,"80,929.0",345.4,38.3,东部
206300,临沂,2021,"86,218.4",347.4,38,东部
206300,临沂,2022,"93,721.4",349.9,37.7,东部
206300,临沂,2023,"101,951.5",353.7,37.4,东部
206300,临沂,2024,"111,477.9",353.8,37.1,东部
206400,德州,2012,"22,039.0",440.2,43.5,东部
206400,德州,2013,"24,629.5",442.1,43.2,东部
206400,德州,2014,"26,665.9",446.8,42.9,东部
206400,德州,2015,"28,593.3",449.8,42.6,东部
206400,德州,2016,"31,082.5",452.8,42.3,东部
206400,德州,2017,"33,160.5",456.1,42,东部
206400,德州,2018,"35,916.5",457.8,41.7,东部
206400,德州,2019,"39,440.5",459,41.4,东部
206400,德州,2020,"41,798.8",462,41.1,东部
206400,德州,2021,"43,954.5",463.6,40.8,东部
206400,德州,2022,"46,248.4",467.8,40.5,东部
206400,德州,2023,"50,204.2",471.5,40.2,东部
206400,德州,2024,"55,284.5",473.8,39.9,东部
206500,菏泽,2012,"19,576.2",343.1,50.4,东部
206500,菏泽,2013,"20,999.6",345.3,50.1,东部
206500,菏泽,2014,"22,690.9",349.3,49.8,东部
206500,菏泽,2015,"23,941.9",350.2,49.5,东部
206500,菏泽,2016,"25,624.3",351.3,49.2,东部
206500,菏泽,2017,"27,577.1",352.9,48.9,东部
206500,菏泽,2018,"30,324.5",352.2,48.6,东部
206500,菏泽,2019,"33,061.1",353.4,48.3,东部
206500,菏泽,2020,"34,691.6",354.5,48,东部
206500,菏泽,2021,"37,285.5",355.4,47.7,东部
206500,菏泽,2022,"40,494.8",357.7,47.4,东部
206500,菏泽,2023,"42,824.6",358,47.1,东部
206500,菏泽,2024,"45,473.4",358.3,,东部
206600,郑州,2012,"63,760.9",255,35.6,中部
206600,郑州,2013,"66,645.5",256.4,35.3,中部
206600,郑州,2014,"70,376.8",257,35,中部
206600,郑州,2015,"72,404.6",259.6,34.7,中部
206600,郑州,2016,"78,227.2",260.8,34.4,中部
206600,郑州,2017,"80,905.0",261.5,NA,中部
206600,郑州,2018,"85,674.9",262.2,33.8,中部
206600,郑州,2019,"89,324.9",264.2,33.5,中部
206600,郑州,2020,"96,032.8",265,33.2,中部
206600,郑州,2021,"102,128.5",268.1,32.9,中部
206600,郑州,2022,"111,651.6",270,32.6,中部
206600,郑州,2023,"121,631.7",271.9,32.3,中部
206600,郑州,2024,"133,377.7",273.5,32,中部
206700,开封,2012,"24,414.8",776.7,52.4,中部
206700,开封,2013,"25,954.5",781,52.1,中部
206700,开封,2014,"27,768.8",784.1,51.8,中部
206700,开封,2015,"29,892.6",786.4,51.5,中部
206700,开封,2016,"32,212.7",786.6,51.2,中部
206700,开封,2017,"33,282.4",788.8,50.9,中部
206700,开封,2018,"35,401.2",791.9,50.6,中部
206700,开封,2019,"38,249.8",796.2,50.3,中部
206700,开封,2020,"41,856.4",802.6,50,中部
206700,开封,2021,"43,666.1",811.4,49.7,中部
206700,开封,2022,"46,234.8",816,49.4,中部
206700,开封,2023,"48,894.0",823,49.1,中部
206700,开封,2024,"52,856.5",826.4,48.8,中部
206800,洛阳,2012,"28,868.9",573.8,53.8,中部
206800,洛阳,2013,"30,917.0",576.6,53.5,中部
206800,洛阳,2014,"32,463.1",580.9,53.2,中部
206800,洛阳,2015,"34,539.6",583.4,52.9,中部
206800,洛阳,2016,"37,887.3",584.3,52.6,中部
206800,洛阳,2017,"41,777.6",586.5,52.3,中部
206800,洛阳,2018,"46,016.6",589,52,中部
206800,洛阳,2019,"49,686.2",591.3,51.7,中部
206800,洛阳,2020,"52,629.2",594.3,51.4,中部
206800,洛阳,2021,"56,855.9",598,51.1,中部
206800,洛阳,2022,"62,177.7",601.3,50.8,中部
206800,洛阳,2023,"66,212.8",605.8,50.5,中部
206800,洛阳,2024,"69,942.7",607,50.2,中部
206900,平顶山,2012,"21,184.3",239.3,44.2,中部
206900,平顶山,2013,"22,700.2",240.2,43.9,中部
206900,平顶山,2014,"24,591.3",242,43.6,中部
206900,平顶山,2015,"26,248.9",242.4,43.3,中部
206900,平顶山,2016,"28,072.5",243.1,43,中部
206900,平顶山,2017,"31,333.8",243.1,42.7,中部
206900,平顶山,2018,"34,376.9",244.4,42.4,中部
206900,平顶山,2019,"36,436.2",245.6,42.1,中部
206900,平顶山,2020,"39,124.9",246.4,41.8,中部
206900,平顶山,2021,"41,385.4",247.2,41.5,中部
206900,平顶山,2022,"44,080.8",248.5,NA,中部
206900,平顶山,2023,"48,748.5",249.5,40.9,中部
206900,平顶山,2024,"50,455.6",251.3,40.6,中部
207000,安阳,2012,"21,894.2",431.4,39.4,中部
207000,安阳,2013,"23,745.7",432.5,39.1,中部
207000,安阳,2014,"25,624.7",433.5,38.8,中部
207000,安阳,2015,"28,378.4",433.9,38.5,中部
207000,安阳,2016,"30,248.2",434.5,38.2,中部
207000,安阳,2017,"32,943.5",436.9,37.9,中部
207000,安阳,2018,"35,941.2",439.1,37.6,中部
207000,安阳,2019,"38,289.2",441.3,37.3,中部
207000,安阳,2020,"41,335.0",444,37,中部
207000,安阳,2021,"45,863.3",448.3,36.7,中部
207000,安阳,2022,"49,387.5",452.5,36.4,中部
207000,安阳,2023,"53,644.9",456.6,36.1,中部
207000,安阳,2024,"57,742.2",459.5,35.8,中部
207100,新乡,2012,"27,123.6",442.8,50.4,中部
207100,新乡,2013,"28,474.0",443.9,50.1,中部
207100,新乡,2014,"29,839.8",449.4,49.8,中部
207100,新乡,2015,"32,629.0",451.3,49.5,中部
207100,新乡,2016,"34,646.4",452.6,49.2,中部
207100,新乡,2017,"36,463.7",455.3,48.9,中部
207100,新乡,2018,"39,836.8",456.5,48.6,中部
207100,新乡,2019,"41,838.6",461.1,48.3,中部
207100,新乡,2020,"44,555.5",462.5,48,中部
207100,新乡,2021,"48,444.7",464,47.7,中部
207100,新乡,2022,"51,290.6",465.6,47.4,中部
207100,新乡,2023,"54,319.7",467.6,47.1,中部
207100,新乡,2024,"58,601.7",471.6,46.8,中部
207200,焦作,2012,"63,742.4",424.5,,中部
207200,焦作,2013,"68,897.4",424.6,45.6,中部
207200,焦作,2014,"72,410.8",426.2,45.3,中部
207200,焦作,2015,"78,408.4",426,45,中部
207200,焦作,2016,"83,550.9",427.1,44.7,中部
207200,焦作,2017,"95,138.2",431,44.4,中部
207200,焦作,2018,"106,733.1",432.4,44.1,中部
207200,焦作,2019,"115,749.8",436.4,43.8,中部
207200,焦作,2020,"124,679.0",439.5,43.5,中部
207200,焦作,2021,"135,066.7",440.4,43.2,中部
207200,焦作,2022,"142,903.3",441.9,42.9,中部
207200,焦作,2023,"151,203.7",447.2,42.6,中部
207200,焦作,2024,"165,081.7",448.8,42.3,中部
207300,许昌,2012,"49,111.6",361.2,39.3,中部
207300,许昌,2013,"52,185.2",361.6,39,中部
207300,许昌,2014,"56,148.2",362.8,38.7,中部
207300,许昌,2015,"60,951.3",364.8,38.4,中部
207300,许昌,2016,"68,754.5",366,38.1,中部
207300,许昌,2017,"74,013.8",367.9,37.8,中部
207300,许昌,2018,"80,742.7",370.1,37.5,中部
207300,许昌,2019,"86,493.8",370.4,37.2,中部
207300,许昌,2020,"91,101.2",373.4,36.9,中部
207300,许昌,2021,"99,188.4",374.8,36.6,中部
207300,许昌,2022,"107,909.4",375.5,36.3,中部
207300,许昌,2023,"115,184.8",378.7,36,中部
207300,许昌,2024,"123,201.5",380.8,35.7,中部
207400,漯河,2012,"31,206.3",267.7,39.4,中部
207400,漯河,2013,"31,477.4",268.5,39.1,中部
207400,漯河,2014,"33,873.2",268.5,38.8,中部
207400,漯河,2015,"35,602.3",269.8,38.5,中部
207400,漯河,2016,"38,648.1",271.6,38.2,中部
207400,漯河,2017,"41,812.8",272.3,37.9,中部
207400,漯河,2018,"46,993.1",273,37.6,中部
207400,漯河,2019,"51,660.1",273.8,37.3,中部
207400,漯河,2020,"54,674.8",274.9,37,中部
207400,漯河,2021,"62,697.4",277.3,36.7,中部
207400,漯河,2022,"66,557.5",278.3,36.4,中部
207400,漯河,2023,"71,828.9",278.4,36.1,中部
207400,漯河,2024,"77,844.9",279.4,35.8,中部
207500,南阳,2012,"113,746.8",321.9,45.5,中部
207500,南阳,2013,"123,485.6",324.7,45.2,中部
207500,南阳,2014,"134,119.8",326.7,44.9,中部
207500,南阳,2015,"145,842.6",328.9,44.6,中部
207500,南阳,2016,"159,521.9",329.9,44.3,中部
207500,南阳,2017,"170,270.9",332.4,44,中部
207500,南阳,2018,"181,651.4",333.4,43.7,中部
207500,南阳,2019,"193,582.2",334.2,,中部
207500,南阳,2020,"214,197.4",336.7,43.1,中部
207500,南阳,2021,"235,185.4",338,-,中部
207500,南阳,2022,"256,111.7",340,42.5,中部
207500,南阳,2023,"271,981.9",340.1,42.2,中部
207500,南阳,2024,"286,052.1",340.7,41.9,中部
207600,商丘,2012,"28,476.6",423,46.3,中部
207600,商丘,2013,"30,492.7",425,46,中部
207600,商丘,2014,"32,443.2",428,45.7,中部
207600,商丘,2015,"35,052.0",432.8,45.4,中部
207600,商丘,2016,"38,617.4",435.8,45.1,中部
207600,商丘,2017,"40,730.0",438.9,44.8,中部
207600,商丘,2018,"44,502.4",442.9,44.5,中部
207600,商丘,2019,"46,990.3",444.4,44.2,中部
207600,商丘,2020,"50,024.0",447.1,43.9,中部
207600,商丘,2021,"53,522.1",449.2,43.6,中部
207600,商丘,2022,"55,876.4",451.8,43.3,中部
207600,商丘,2023,"60,172.2",454.8,43,中部
207600,商丘,2024,"64,592.3",457,42.7,中部
207700,信阳,2012,"35,769.1",408.6,63.7,中部
207700,信阳,2013,"37,996.4",411.7,63.4,中部
207700,信阳,2014,"40,542.2",414.4,63.1,中部
207700,信阳,2015,"44,842.7",417.9,62.8,中部
207700,信阳,2016,"47,581.4",421.7,62.5,中部
207700,信阳,2017,"50,831.1",424.3,62.2,中部
207700,信阳,2018,"53,820.9",426.1,61.9,中部
207700,信阳,2019,"58,666.9",427.3,61.6,中部
207700,信阳,2020,"62,461.0",431,61.3,中部
207700,信阳,2021,"66,989.5",432.6,61,中部
207700,信阳,2022,"72,856.8",436.1,60.7,中部
207700,信阳,2023,"80,725.8",436.7,60.4,中部
207700,信阳,2024,"86,721.8",438.5,,中部
207800,武汉,2012,"28,334.0",374.6,48.7,中部
207800,武汉,2013,"30,481.4",376.2,48.4,中部
207800,武汉,2014,"32,452.3",377.9,48.1,中部
207800,武汉,2015,"34,675.8",378.5,47.8,中部
207800,武汉,2016,"37,822.6",381.5,47.5,中部
207800,武汉,2017,"40,955.8",380.9,47.2,中部
207800,武汉,2018,"45,477.7",384.9,46.9,中部
207800,武汉,2019,"47,628.7",385.5,46.6,中部
207800,武汉,2020,"50,797.5",387.3,46.3,中部
207800,武汉,2021,"53,653.0",389.5,NA,中部
207800,武汉,2022,"58,155.1",392,45.7,中部
207800,武汉,2023,"63,352.7",394.8,45.4,中部
207800,武汉,2024,"68,542.4",398.5,45.1,中部
207900,黄石,2012,"19,329.1",625.4,39.4,中部
207900,黄石,2013,"20,476.1",629.4,39.1,中部
207900,黄石,2014,"22,352.1",634,38.8,中部
207900,黄石,2015,"24,564.8",636.4,38.5,中部
207900,黄石,2016,"26,709.3",638.9,-,中部
207900,黄石,2017,"29,101.1",644.1,37.9,中部
207900,黄石,2018,"31,272.7",647.6,37.6,中部
207900,黄石,2019,"33,516.4",651.7,37.3,中部
207900,黄石,2020,"37,503.6",651.5,37,中部
207900,黄石,2021,"39,777.7",653,36.7,中部
207900,黄石,2022,"42,426.0",656.5,36.4,中部
207900,黄石,2023,"46,507.5",658,36.1,中部
207900,黄石,2024,"50,135.8",661.3,35.8,中部
208000,十堰,2012,"22,689.2",443.1,37.9,中部
208000,十堰,2013,"24,373.3",443.2,37.6,中部
208000,十堰,2014,"26,225.3",444.6,37.3,中部
208000,十堰,2015,"28,257.0",447.5,37,中部
208000,十堰,2016,"30,503.6",448.8,36.7,中部
208000,十堰,2017,"32,499.3",453.6,36.4,中部
208000,十堰,2018,"36,201.8",455,36.1,中部
208000,十堰,2019,"38,436.9",457.8,35.8,中部
208000,十堰,2020,"42,749.0",460.6,35.5,中部
208000,十堰,2021,"45,599.2",462.9,35.2,中部
208000,十堰,2022,"50,597.5",467.5,34.9,中部
208000,十堰,2023,"52,904.9",472.6,34.6,中部
208000,十堰,2024,"57,463.6",475.7,34.3,中部
208100,宜昌,2012,"30,560.6",645.5,49.9,中部
208100,宜昌,2013,"32,675.8",649.8,49.6,中部
208100,宜昌,2014,"34,483.8",652.4,49.3,中部
208100,宜昌,2015,"37,080.7",652.7,49,中部
208100,宜昌,2016,"38,758.4",657.6,48.7,中部
208100,宜昌,2017,"43,021.4",656.8,48.4,中部
208100,宜昌,2018,"43,997.1",658.9,48.1,中部
208100,宜昌,2019,"47,848.8",661.1,47.8,中部
208100,宜昌,2020,"49,670.6",667.5,47.5,中部
208100,宜昌,2021,"52,686.6",668.5,47.2,中部
208100,宜昌,2022,"55,143.2",670.6,46.9,中部
208100,宜昌,2023,"58,410.6",673.1,46.6,中部
208100,宜昌,2024,"62,604.7",675.4,46.3,中部
208200,襄阳,2012,"57,430.9",375.3,37.1,中部
208200,襄阳,2013,"62,587.8",378.8,36.8,中部
208200,襄阳,2014,"66,279.9",381,36.5,中部
208200,襄阳,2015,"69,203.6",382.7,36.2,中部
208200,襄阳,2016,"75,373.9",385.6,35.9,中部
208200,襄阳,2017,"80,654.1",387.2,35.6,中部
208200,襄阳,2018,"85,519.3",390.6,35.3,中部
208200,襄阳,2019,"92,824.7",395.5,35,中部
208200,襄阳,2020,"97,084.5",398.2,34.7,中部
208200,襄阳,2021,"108,035.1",397.6,34.4,中部
208200,襄阳,2022,"111,801.3",397.2,34.1,中部
208200,襄阳,2023,"124,550.7",400.2,33.8,中部
208200,襄阳,2024,"134,782.4",403.6,33.5,中部
208300,荆门,2012,"33,125.5",266.5,32.3,中部
208300,荆门,2013,"34,989.2",267.2,32,中部
208300,荆门,2014,"37,650.8",267.3,31.7,中部
208300,荆门,2015,"39,735.2",269.4,31.4,中部
208300,荆门,2016,"42,255.7",271.1,31.1,中部
208300,荆门,2017,"46,145.9",273.3,30.8,中部
208300,荆门,2018,"48,077.9",274,30.5,中部
208300,荆门,2019,"52,248.5",274.9,30.2,中部
208300,荆门,2020,"57,622.2",274.9,29.9,中部
208300,荆门,2021,"60,939.1",275.1,29.6,中部
208300,荆门,2022,"64,239.9",276.6,29.3,中部
208300,荆门,2023,"71,225.8",276.1,29,中部
208300,荆门,2024,"74,644.2",276.1,28.7,中部
208400,孝感,2012,"42,252.6",674.1,51.7,中部
208400,孝感,2013,"44,869.9",680.5,51.4,中部
208400,孝感,2014,"47,431.9",683.2,51.1,中部
208400,孝感,2015,"51,135.2",688.2,50.8,中部
208400,孝感,2016,"55,900.7",693.5,50.5,中部
208400,孝感,2017,"60,328.6",696.4,50.2,中部
208400,孝感,2018,"63,680.0",697.3,49.9,中部
208400,孝感,2019,"67,750.1",702.3,49.6,中部
208400,孝感,2020,"73,875.8",706.2,49.3,中部
208400,孝感,2021,"80,413.3",708.1,49,中部
208400,孝感,2022,"86,592.6",710,48.7,中部
208400,孝感,2023,"93,103.9",713.9,48.4,中部
208400,孝感,2024,"101,230.9",717.7,48.1,中部
208500,荆州,2012,"35,976.8",417,50.3,中部
208500,荆州,2013,"38,875.6",421.5,50,中部
208500,荆州,2014,"41,328.0",423.4,49.7,中部
208500,荆州,2015,"43,517.6",425.4,49.4,中部
208500,荆州,2016,"48,098.7",426.8,49.1,中部
208500,荆州,2017,"51,062.1",430,48.8,中部
208500,荆州,2018,"55,013.8",434.6,48.5,中部
208500,荆州,2019,"57,072.4",434.6,48.2,中部
208500,荆州,2020,"61,181.9",440.1,47.9,中部
208500,荆州,2021,"66,470.4",440.6,47.6,中部
208500,荆州,2022,"73,252.6",443.9,47.3,中部
208500,荆州,2023,"78,227.3",443.6,47,中部
208500,荆州,2024,"83,810.8",445.7,46.7,中部
208600,黄冈,2012,"32,644.4",455.4,43.4,中部
208600,黄冈,2013,"34,429.3",457.3,43.1,中部
208600,黄冈,2014,"36,286.4",458.7,42.8,中部
208600,黄冈,2015,"40,352.8",459.8,42.5,中部
208600,黄冈,2016,"43,290.6",461.1,42.2,中部
208600,黄冈,2017,"44,987.5",464.3,41.9,中部
208600,黄冈,2018,"48,033.6",465,41.6,中部
208600,黄冈,2019,"52,679.5",468.8,41.3,中部
208600,黄冈,2020,"58,074.2",468.6,41,中部
208600,黄冈,2021,"60,886.0",470.5,40.7,中部
208600,黄冈,2022,"65,995.0",472.6,40.4,中部
208600,黄冈,2023,"70,215.1",476.5,40.1,中部
208600,黄冈,2024,"74,407.1",479.9,39.8,中部
208700,咸宁,2012,"25,503.4",524.1,55.3,中部
208700,咸宁,2013,"27,612.0",523.7,55,中部
208700,咸宁,2014,"28,741.8",525.6,54.7,中部
208700,咸宁,2015,"31,695.0",527.9,54.4,中部
208700,咸宁,2016,"34,651.2",529.2,54.1,中部
208700,咸宁,2017,"37,227.9",531.7,53.8,中部
208700,咸宁,2018,"39,894.0",534.2,53.5,中部
208700,咸宁,2019,"42,211.6",537.6,53.2,中部
208700,咸宁,2020,"45,158.5",538.9,52.9,中部
208700,咸宁,2021,"50,518.7",540.6,52.6,中部
208700,咸宁,2022,"53,149.8",542.1,52.3,中部
208700,咸宁,2023,"57,388.5",542.8,52,中部
208700,咸宁,2024,"60,846.4",543.3,51.7,中部
208800,长沙,2012,"44,950.2",264,48.2,中部
208800,长沙,2013,"47,710.6",264.6,47.9,中部
208800,长沙,2014,"52,954.9",265.2,47.6,中部
208800,长沙,2015,"55,881.9",266.4,47.3,中部
208800,长沙,2016,"57,715.0",268.2,47,中部
208800,长沙,2017,"62,795.4",269.6,46.7,中部
208800,长沙,2018,"68,980.5",271,46.4,中部
208800,长沙,2019,"71,809.2",273.3,46.1,中部
208800,长沙,2020,"75,127.2",276.3,45.8,中部
208800,长沙,2021,"81,906.8",276.4,45.5,中部
208800,长沙,2022,"85,249.2",277.4,45.2,中部
208800,长沙,2023,"92,618.0",277.9,44.9,中部
208800,长沙,2024,"98,883.0",279.9,44.6,中部
208900,株洲,2012,"38,875.6",628.8,50.5,中部
208900,株洲,2013,"42,546.4",635.4,50.2,中部
208900,株洲,2014,"46,310.0",639.3,49.9,中部
208900,株洲,2015,"49,716.5",645.5,49.6,中部
208900,株洲,2016,"53,237.3",648.6,49.3,中部
208900,株洲,2017,"58,290.1",648.3,49,中部
208900,株洲,2018,"61,971.8",651.8,48.7,中部
208900,株洲,2019,"67,204.3",655.7,48.4,中部
208900,株洲,2020,"71,836.1",656.8,48.1,中部
208900,株洲,2021,"78,713.7",656.6,47.8,中部
208900,株洲,2022,"84,955.4",659.1,47.5,中部
208900,株洲,2023,"88,732.7",662.2,47.2,中部
208900,株洲,2024,"96,817.9",668.7,46.9,中部
209000,湘潭,2012,"28,808.9",559.6,40.9,中部
209000,湘潭,2013,"31,801.2",562.6,40.6,中部
209000,湘潭,2014,"34,454.5",565.7,40.3,中部
209000,湘潭,2015,"36,906.3",570.6,40,中部
209000,湘潭,2016,"38,532.1",573.3,39.7,中部
209000,湘潭,2017,"40,740.7",579.4,39.4,中部
209000,湘潭,2018,"43,481.4",585.7,39.1,中部
209000,湘潭,2019,"47,336.4",588.8,38.8,中部
209000,湘潭,2020,"50,189.9",594.1,38.5,中部
209000,湘潭,2021,"52,729.8",598.3,38.2,中部
209000,湘潭,2022,"56,105.9",600.2,37.9,中部
209000,湘潭,2023,"60,981.6",602,37.6,中部
209000,湘潭,2024,"65,268.2",605.4,37.3,中部
209100,衡阳,2012,"13,262.4",350.3,39.6,中部
209100,衡阳,2013,"14,334.7",352.3,39.3,中部
209100,衡阳,2014,"15,416.2",355.5,39,中部
209100,衡阳,2015,"16,064.4",356.7,38.7,中部
209100,衡阳,2016,"17,757.7",358.9,38.4,中部
209100,衡阳,2017,"18,698.5",361.3,38.1,中部
209100,衡阳,2018,"19,867.8",362.3,37.8,中部
209100,衡阳,2019,"20,583.3",363.9,37.5,中部
209100,衡阳,2020,"22,628.4",366,37.2,中部
209100,衡阳,2021,"24,467.5",368.5,36.9,中部
209100,衡阳,2022,"26,480.9",370.2,36.6,中部
209100,衡阳,2023,"28,164.7",372.4,36.3,中部
209100,衡阳,2024,"29,584.3",373.2,36,中部
209200,邵阳,2012,"32,684.0",636.4,46.7,中部
209200,邵阳,2013,"34,305.7",641.9,46.4,中部
209200,邵阳,2014,"37,740.5",644.8,46.1,中部
209200,邵阳,2015,"40,054.7",648.3,45.8,中部
209200,邵阳,2016,"41,321.5",653.1,45.5,中部
209200,邵阳,2017,"46,233.1",655.9,45.2,中部
209200,邵阳,2018,"50,602.8",658.2,44.9,中部
209200,邵阳,2019,"53,782.9",665.1,44.6,中部
209200,邵阳,2020,"57,103.3",669,44.3,中部
209200,邵阳,2021,"62,443.1",677.3,44,中部
209200,邵阳,2022,"65,868.6",681.6,43.7,中部
209200,邵阳,2023,"71,946.2",686.7,43.4,中部
209200,邵阳,2024,"76,473.3",690.8,43.1,中部
209300,岳阳,2012,"37,008.7",390.5,56.2,中部
209300,岳阳,2013,"39,403.6",394.4,55.9,中部
209300,岳阳,2014,"41,077.3",397.8,55.6,中部
209300,岳阳,2015,"41,929.2",397,55.3,中部
209300,岳阳,2016,"43,577.7",399,55,中部
209300,岳阳,2017,"45,929.5",401.5,54.7,中部
209300,岳阳,2018,"49,308.3",405.4,54.4,中部
209300,岳阳,2019,"53,265.2",406.1,54.1,中部
209300,岳阳,2020,"56,416.3",407.1,53.8,中部
209300,岳阳,2021,"61,937.7",410.2,53.5,中部
209300,岳阳,2022,"65,448.7",410.3,53.2,中部
209300,岳阳,2023,"70,245.3",414.4,52.9,中部
209300,岳阳,2024,"75,558.5",417.4,52.6,中部
209400,常德,2012,"46,675.4",497.7,54.1,中部
209400,常德,2013,"50,729.0",499.7,53.8,中部
209400,常德,2014,"55,596.3",502.1,53.5,中部
209400,常德,2015,"60,906.1",503.3,53.2,中部
209400,常德,2016,"66,543.8",507.4,52.9,中部
209400,常德,2017,"70,051.2",508.2,52.6,中部
209400,常德,2018,"74,146.4",511.9,52.3,中部
209400,常德,2019,"77,912.7",515.1,52,中部
209400,常德,2020,"80,514.9",518.9,51.7,中部
209400,常德,2021,"87,898.0",520,51.4,中部
209400,常德,2022,"93,254.6",519.6,51.1,中部
209400,常德,2023,"100,665.4",524.9,50.8,中部
209400,常德,2024,"113,131.9",527.2,50.5,中部
209500,郴州,2012,"8,177.3",443.7,NA,中部
209500,郴州,2013,"8,966.2",447,57.6,中部
209500,郴州,2014,"9,522.9",451.5,57.3,中部
209500,郴州,2015,"10,592.0",451.7,57,中部
209500,郴州,2016,"11,863.2",451.5,56.7,中部
209500,郴州,2017,"12,597.4",451.6,56.4,中部
209500,郴州,2018,"13,580.8",452.8,56.1,中部
209500,郴州,2019,"14,165.2",453.3,55.8,中部
209500,郴州,2020,"15,269.5",455.9,55.5,中部
209500,郴州,2021,"15,963.8",461.1,55.2,中部
209500,郴州,2022,"16,630.7",464,54.9,中部
209500,郴州,2023,"18,152.7",465.6,54.6,中部
209500,郴州,2024,"19,371.4",468,54.3,中部
209600,永州,2012,"66,146.7",353.6,47,中部
209600,永州,2013,"70,540.3",355.3,46.7,中部
209600,永州,2014,"74,757.7",356.8,46.4,中部
209600,永州,2015,"79,908.4",358.6,46.1,中部
209600,永州,2016,"84,736.4",362.7,45.8,中部
209600,永州,2017,"89,677.6",362.4,45.5,中部
209600,永州,2018,"99,451.7",364.6,45.2,中部
209600,永州,2019,"107,099.4",365.5,44.9,中部
209600,永州,2020,"115,155.0",367.4,44.6,中部
209600,永州,2021,"119,361.8",369.1,44.3,中部
209600,永州,2022,"130,125.6",371.2,44,中部
209600,永州,2023,"137,000.5",374.6,43.7,中部
209600,永州,2024,"151,364.6",376.3,43.4,中部
209700,怀化,2012,"37,006.3",430.7,51.3,中部
209700,怀化,2013,"39,968.6",433.2,51,中部
209700,怀化,2014,"41,313.1",436.1,50.7,中部
209700,怀化,2015,"43,537.4",437.5,50.4,中部
209700,怀化,2016,"47,509.3",437.4,50.1,中部
209700,怀化,2017,"51,947.0",441.3,49.8,中部
209700,怀化,2018,"53,829.7",444.4,49.5,中部
209700,怀化,2019,"57,128.3",448,49.2,中部
209700,怀化,2020,"59,983.3",450.4,48.9,中部
209700,怀化,2021,"65,404.9",452.3,48.6,中部
209700,怀化,2022,"68,169.4",454.8,48.3,中部
209700,怀化,2023,"74,191.4",455.4,48,中部
209700,怀化,2024,"80,483.0",456.7,47.7,中部
209800,广州,2012,"38,365.1",410,52.9,东部
209800,广州,2013,"41,316.0",411.5,52.6,东部
209800,广州,2014,"44,565.8",413.8,52.3,东部
209800,广州,2015,"48,909.5",417.8,52,东部
209800,广州,2016,"51,439.6",418.9,51.7,东部
209800,广州,2017,"56,226.0",420.6,51.4,东部
209800,广州,2018,"60,228.1",423.4,51.1,东部
209800,广州,2019,"61,609.5",425.1,50.8,东部
209800,广州,2020,"68,838.1",427.5,50.5,东部
209800,广州,2021,"75,077.1",427,50.2,东部
209800,广州,2022,"81,568.7",431,49.9,东部
209800,广州,2023,"89,860.1",435.1,49.6,东部
209800,广州,2024,"96,120.5",436.7,49.3,东部
209900,深圳,2012,"29,258.3",610.7,46,东部
209900,深圳,2013,"30,395.0",613.2,45.7,东部
209900,深圳,2014,"31,063.8",615.8,45.4,东部
209900,深圳,2015,"33,869.8",619,45.1,东部
209900,深圳,2016,"35,943.8",621.9,44.8,东部
209900,深圳,2017,"38,391.3",626.1,44.5,东部
209900,深圳,2018,"40,947.3",629.6,44.2,东部
209900,深圳,2019,"44,609.1",633.2,43.9,东部
209900,深圳,2020,"47,322.9",636.8,43.6,东部
209900,深圳,2021,"51,773.5",640.7,43.3,东部
209900,深圳,2022,"57,874.6",643.1,43,东部
209900,深圳,2023,"59,514.1",646.2,42.7,东部
209900,深圳,2024,"62,944.6",649.9,42.4,东部
210000,珠海,2012,"12,275.3",557.5,48,东部
210000,珠海,2013,"13,115.5",559.3,47.7,东部
210000,珠海,2014,"14,054.9",560.9,47.4,东部
210000,珠海,2015,"15,180.1",565.6,47.1,东部
210000,珠海,2016,"16,263.1",568,46.8,东部
210000,珠海,2017,"17,293.7",571.3,46.5,东部
210000,珠海,2018,"18,264.2",571.7,46.2,东部
210000,珠海,2019,"19,637.8",571.1,45.9,东部
210000,珠海,2020,"20,701.5",574.2,45.6,东部
210000,珠海,2021,"22,138.2",578.3,45.3,东部
210000,珠海,2022,"23,739.4",581,45,东部
210000,珠海,2023,"25,797.6",584.2,44.7,东部
210000,珠海,2024,"28,543.5",587.8,44.4,东部
210100,汕头,2012,"90,142.6",337.4,35,东部
210100,汕头,2013,"97,040.3",340.3,34.7,东部
210100,汕头,2014,"106,395.8",341.4,34.4,东部
210100,汕头,2015,"113,112.0",343.3,34.1,东部
210100,汕头,2016,"120,095.3",346.5,33.8,东部
210100,汕头,2017,"131,994.8",347.9,33.5,东部
210100,汕头,2018,"142,140.2",348.8,33.2,东部
210100,汕头,2019,"155,054.6",349.5,32.9,东部
210100,汕头,2020,"166,474.5",351.8,32.6,东部
210100,汕头,2021,"179,602.3",353.7,32.3,东部
210100,汕头,2022,"196,237.0",355.4,32,东部
210100,汕头,2023,"208,263.3",358.3,31.7,东部
210100,汕头,2024,"232,023.3",359.6,31.4,东部
210200,佛山,2012,"57,156.3",544.2,48,东部
210200,佛山,2013,"62,336.1",547.8,47.7,东部
210200,佛山,2014,"66,209.9",552.6,47.4,东部
210200,佛山,2015,"72,365.2",556.2,47.1,东部
210200,佛山,2016,"77,101.8",558.9,46.8,东部
210200,佛山,2017,"81,591.2",560.1,46.5,东部
210200,佛山,2018,"83,113.7",561.9,46.2,东部
210200,佛山,2019,"89,079.2",563.4,45.9,东部
210200,佛山,2020,"93,427.0",565,45.6,东部
210200,佛山,2021,"100,934.8",571.5,45.3,东部
210200,佛山,2022,"110,139.6",570.9,45,东部
210200,佛山,2023,"117,732.4",572.3,44.7,东部
210200,佛山,2024,"125,715.3",576.5,44.4,东部
210300,韶关,2012,"19,588.7",336,44.9,东部
210300,韶关,2013,"21,833.5",336.4,44.6,东部
210300,韶关,2014,"22,974.7",337.8,44.3,东部
210300,韶关,2015,"24,871.8",339.7,44,东部
210300,韶关,2016,"26,629.6",342.3,43.7,东部
210300,韶关,2017,"28,635.1",343,43.4,东部
210300,韶关,2018,"30,843.9",343.6,43.1,东部
210300,韶关,2019,"34,279.6",345.6,42.8,东部
210300,韶关,2020,"36,654.6",347.9,42.5,东部
210300,韶关,2021,"38,056.7",349.8,42.2,东部
210300,韶关,2022,"40,281.8",352.5,41.9,东部
210300,韶关,2023,"42,805.1",354.6,41.6,东部
210300,韶关,2024,"45,335.9",355.1,41.3,东部
210400,湛江,2012,"31,293.6",500.2,38.8,东部
210400,湛江,2013,"33,930.0",501.8,38.5,东部
210400,湛江,2014,"35,389.3",504.8,38.2,东部
210400,湛江,2015,"38,022.4",507.7,37.9,东部
210400,湛江,2016,"40,694.5",512.3,37.6,东部
210400,湛江,2017,"44,466.1",514.8,37.3,东部
210400,湛江,2018,"47,415.1",516.9,37,东部
210400,湛江,2019,"50,469.3",520.2,36.7,东部
210400,湛江,2020,"52,692.6",522.6,36.4,东部
210400,湛江,2021,"56,435.0",528.1,36.1,东部
210400,湛江,2022,"62,608.7",531.2,35.8,东部
210400,湛江,2023,"65,420.1",535.1,35.5,东部
210400,湛江,2024,"72,580.0",539.2,35.2,东部
210500,肇庆,2012,"52,807.1",452.7,49.2,东部
210500,肇庆,2013,"58,152.0",455.7,48.9,东部
210500,肇庆,2014,"62,051.5",457.3,48.6,东部
210500,肇庆,2015,"68,367.5",458.5,48.3,东部
210500,肇庆,2016,"74,814.7",460.3,48,东部
210500,肇庆,2017,"79,146.2",463.4,47.7,东部
210500,肇庆,2018,"82,648.3",466.3,47.4,东部
210500,肇庆,2019,"89,177.8",469.1,NA,东部
210500,肇庆,2020,"95,065.2",471.6,46.8,东部
210500,肇庆,2021,"104,544.7",473.6,46.5,东部
210500,肇庆,2022,"113,634.0",477.4,46.2,东部
210500,肇庆,2023,"121,659.3",483.1,45.9,东部
210500,肇庆,2024,"128,159.6",485.7,45.6,东部
210600,江门,2012,"20,749.2",611.7,39.6,东部
210600,江门,2013,"22,163.8",612.2,39.3,东部
210600,江门,2014,"23,475.8",616.9,39,东部
210600,江门,2015,"24,767.9",622.7,38.7,东部
210600,江门,2016,"26,685.5",623.4,38.4,东部
210600,江门,2017,"28,108.3",626.4,38.1,东部
210600,江门,2018,"29,311.4",626.9,37.8,东部
210600,江门,2019,"30,881.3",628.7,37.5,东部
210600,江门,2020,"33,312.1",629.9,37.2,东部
210600,江门,2021,"35,004.4",631.8,36.9,东部
210600,江门,2022,"36,916.5",640.2,36.6,东部
210600,江门,2023,"40,325.1",642.1,36.3,东部
210600,江门,2024,"44,568.6",646.3,36,东部
210700,茂名,2012,"10,320.2",454,33.5,东部
210700,茂名,2013,"10,952.2",456.9,33.2,东部
210700,茂名,2014,"11,525.3",458.8,-,东部
210700,茂名,2015,"12,233.1",460.3,32.6,东部
210700,茂名,2016,"13,277.9",460.6,32.3,东部
210700,茂名,2017,"14,270.8",463.7,32,东部
210700,茂名,2018,"14,837.9",466.6,31.7,东部
210700,茂名,2019,"15,702.2",470.2,31.4,东部
210700,茂名,2020,"16,850.7",473.8,31.1,东部
210700,茂名,2021,"17,639.9",473,30.8,东部
210700,茂名,2022,"18,538.6",473,30.5,东部
210700,茂名,2023,"19,423.7",473.9,30.2,东部
210700,茂名,2024,"20,662.7",477.1,29.9,东部
210800,惠州,2012,"11,491.2",505.3,44,东部
210800,惠州,2013,"12,562.2",506.5,43.7,东部
210800,惠州,2014,"13,161.0",508.9,43.4,东部
210800,惠州,2015,"14,199.5",510.3,43.1,东部
210800,惠州,2016,"14,984.9",510.4,42.8,东部
210800,惠州,2017,"15,636.3",512.9,42.5,东部
210800,惠州,2018,"16,752.4",517.2,42.2,东部
210800,惠州,2019,"17,795.4",522.5,41.9,东部
210800,惠州,2020,"18,920.8",528.7,41.6,东部
210800,惠州,2021,"20,366.1",531.2,41.3,东部
210800,惠州,2022,"21,079.1",533.6,41,东部
210800,惠州,2023,"22,662.0",536.4,40.7,东部
210800,惠州,2024,"24,363.7",540,40.4,东部
210900,中山,2012,"56,510.4",519.5,47.4,东部
210900,中山,2013,"60,675.5",519.2,47.1,东部
210900,中山,2014,"65,525.5",520,46.8,东部
210900,中山,2015,"69,878.1",522.2,46.5,东部
210900,中山,2016,"76,817.2",523,46.2,东部
210900,中山,2017,"84,273.6",525.3,45.9,东部
210900,中山,2018,"92,218.2",528.1,45.6,东部
210900,中山,2019,"98,222.8",530.8,45.3,东部
210900,中山,2020,"104,690.3",533.8,45,东部
210900,中山,2021,"108,090.6",535,44.7,东部
210900,中山,2022,"119,546.4",538.2,44.4,东部
210900,中山,2023,"131,337.5",541.2,44.1,东部
210900,中山,2024,"141,889.2",545.5,43.8,东部
211000,成都,2012,"93,413.9",553.8,39.7,西部
211000,成都,2013,"101,326.8",558.4,39.4,西部
211000,成都,2014,"107,486.2",561.2,39.1,西部
211000,成都,2015,"114,781.5",563.7,38.8,西部
211000,成都,2016,"127,740.9",565.3,38.5,西部
211000,成都,2017,"136,471.1",568.4,38.2,西部
211000,成都,2018,"143,283.1",568.6,37.9,西部
211000,成都,2019,"150,579.4",571.9,37.6,西部
211000,成都,2020,"161,971.5",574.4,37.3,西部
211000,成都,2021,"172,108.2",577.3,37,西部
211000,成都,2022,"183,010.4",581.4,36.7,西部
211000,成都,2023,"204,872.7",583.2,36.4,西部
211000,成都,2024,"220,902.9",585.7,36.1,西部
211100,自贡,2012,"29,444.7",463.6,43.4,西部
211100,自贡,2013,"30,100.2",463.9,43.1,西部
211100,自贡,2014,"31,002.5",465,42.8,西部
211100,自贡,2015,"34,316.7",470.4,42.5,西部
211100,自贡,2016,"36,210.0",475.2,-,西部
211100,自贡,2017,"38,285.9",475.9,41.9,西部
211100,自贡,2018,"41,201.2",477.8,41.6,西部
211100,自贡,2019,"44,031.9",479.7,41.3,西部
211100,自贡,2020,"47,715.4",482.8,-,西部
211100,自贡,2021,"51,463.8",486,40.7,西部
211100,自贡,2022,"54,923.9",486.8,40.4,西部
211100,自贡,2023,"59,589.4",490.9,40.1,西部
211100,自贡,2024,"63,029.3",495,39.8,西部
211200,泸州,2012,"23,840.3",630.4,48.9,西部
211200,泸州,2013,"25,820.5",632.6,48.6,西部
211200,泸州,2014,"27,705.9",634.3,48.3,西部
211200,泸州,2015,"30,794.4",636.1,48,西部
211200,泸州,2016,"31,970.1",639.2,47.7,西部
211200,泸州,2017,"32,787.5",646,47.4,西部
211200,泸州,2018,"34,749.0",648.3,47.1,西部
211200,泸州,2019,"37,800.4",651.7,46.8,西部
211200,泸州,2020,"39,849.6",654.1,46.5,西部
211200,泸州,2021,"43,065.6",657.8,46.2,西部
211200,泸州,2022,"45,738.6",661.8,45.9,西部
211200,泸州,2023,"47,536.7",663.7,45.6,西部
211200,泸州,2024,"49,406.2",669.8,45.3,西部
211300,德阳,2012,"12,722.2",367.7,62.5,西部
211300,德阳,2013,"13,179.5",369.7,62.2,西部
211300,德阳,2014,"14,136.5",371.7,61.9,西部
211300,德阳,2015,"15,644.8",373,61.6,西部
211300,德阳,2016,"16,930.3",372.1,61.3,西部
211300,德阳,2017,"18,032.3",373.3,61,西部
211300,德阳,2018,"19,228.1",376.5,60.7,西部
211300,德阳,2019,"20,392.6",378.2,60.4,西部
211300,德阳,2020,"21,567.8",380.9,60.1,西部
211300,德阳,2021,"24,344.5",381.6,59.8,西部
211300,德阳,2022,"26,089.9",383.8,59.5,西部
211300,德阳,2023,"28,493.2",386.4,59.2,西部
211300,德阳,2024,"29,965.7",388.1,58.9,西部
211400,绵阳,2012,"23,648.7",610.5,56,西部
211400,绵阳,2013,"24,444.0",614.6,55.7,西部
211400,绵阳,2014,"25,337.3",617,55.4,西部
211400,绵阳,2015,"26,204.5",620.8,55.1,西部
211400,绵阳,2016,"27,721.8",621.9,54.8,西部
211400,绵阳,2017,"29,427.8",627.3,54.5,西部
211400,绵阳,2018,"31,077.0",631.7,54.2,西部
211400,绵阳,2019,"34,536.6",634,53.9,西部
211400,绵阳,2020,"36,407.6",638.2,53.6,西部
211400,绵阳,2021,"38,718.1",639.5,53.3,西部
211400,绵阳,2022,"42,282.6",644.7,53,西部
211400,绵阳,2023,"45,805.6",650.1,52.7,西部
211400,绵阳,2024,"49,017.2",653.2,52.4,西部
211500,乐山,2012,"17,478.2",811.6,27.6,西部
211500,乐山,2013,"19,057.4",814.6,27.3,西部
211500,乐山,2014,"20,353.0",819.4,27,西部
211500,乐山,2015,"21,338.8",820.7,26.7,西部
211500,乐山,2016,"23,406.8",828.9,26.4,西部
211500,乐山,2017,"24,238.6",833.8,26.1,西部
211500,乐山,2018,"24,891.9",840.2,25.8,西部
211500,乐山,2019,"25,960.4",847.6,25.5,西部
211500,乐山,2020,"27,210.8",851.1,25.2,西部
211500,乐山,2021,"30,130.8",855.1,24.9,西部
211500,乐山,2022,"31,148.8",865.7,24.6,西部
211500,乐山,2023,"33,099.2",867,24.3,西部
211500,乐山,2024,"35,721.7",876.3,24,西部
211600,南充,2012,"28,576.3",133.4,60.7,西部
211600,南充,2013,"29,891.9",134.8,60.4,西部
211600,南充,2014,"31,931.9",135.5,60.1,西部
211600,南充,2015,"34,142.8",136,59.8,西部
211600,南充,2016,"37,264.7",136.4,59.5,西部
211600,南充,2017,"39,814.0",136.6,59.2,西部
211600,南充,2018,"43,184.6",137.2,58.9,西部
211600,南充,2019,"47,956.3",138,58.6,西部
211600,南充,2020,"51,415.9",138.7,58.3,西部
211600,南充,2021,"55,595.4",139.3,58,西部
211600,南充,2022,"60,830.7",139.8,57.7,西部
211600,南充,2023,"64,262.8",140.3,57.4,西部
211600,南充,2024,"70,264.3",141,57.1,西部
211700,宜宾,2012,"37,795.6",311.1,30.9,西部
211700,宜宾,2013,"40,733.2",314,30.6,西部
211700,宜宾,2014,"43,008.6",316.8,30.3,西部
211700,宜宾,2015,"46,274.9",317.2,30,西部
211700,宜宾,2016,"51,248.8",319.2,29.7,西部
211700,宜宾,2017,"56,076.6",318.9,29.4,西部
211700,宜宾,2018,"59,655.1",319.5,29.1,西部
211700,宜宾,2019,"63,946.9",320.3,28.8,西部
211700,宜宾,2020,"68,041.7",321.2,28.5,西部
211700,宜宾,2021,"74,632.1",322.4,28.2,西部
211700,宜宾,2022,"80,472.9",323.4,27.9,西部
211700,宜宾,2023,"87,893.5",324.7,27.6,西部
211700,宜宾,2024,"95,608.6",325,27.3,西部
211800,西安,2012,"65,474.9",229,37.1,西部
211800,西安,2013,"70,433.7",229.6,36.8,西部
211800,西安,2014,"74,506.4",231.3,36.5,西部
211800,西安,2015,"76,112.5",230.7,36.2,西部
211800,西安,2016,"82,153.1",232.6,35.9,西部
211800,西安,2017,"87,331.6",233.6,35.6,西部
211800,西安,2018,"94,038.6",234.7,35.3,西部
211800,西安,2019,"102,216.2",235.7,35,西部
211800,西安,2020,"105,836.1",237.2,34.7,西部
211800,西安,2021,"118,155.9",99999,34.4,西部
211800,西安,2022,"129,771.2",240.9,34.1,西部
211800,西安,2023,"140,836.8",242.3,33.8,西部
211800,西安,2024,"148,009.4",243.3,33.5,西部
211900,兰州,2012,"104,310.9",507.7,55,西部
211900,兰州,2013,"112,802.8",508.7,54.7,西部
211900,兰州,2014,"121,004.7",511.5,54.4,西部
211900,兰州,2015,"131,018.2",514.3,54.1,西部
211900,兰州,2016,"140,507.2",516.4,53.8,西部
211900,兰州,2017,"146,702.4",517.7,53.5,西部
211900,兰州,2018,"151,788.9",520.8,53.2,西部
211900,兰州,2019,"159,708.2",526.1,52.9,西部
211900,兰州,2020,"170,656.1",528.2,52.6,西部
211900,兰州,2021,"184,664.3",530.9,52.3,西部
211900,兰州,2022,"201,963.9",532.5,52,西部
211900,兰州,2023,"219,019.5",536.1,51.7,西部
211900,兰州,2024,"235,357.5",538.2,51.4,西部
212000,贵阳,2012,"32,820.4",484.7,40.7,西部
212000,贵阳,2013,"35,822.8",486,40.4,西部
212000,贵阳,2014,"38,088.6",487.2,40.1,西部
212000,贵阳,2015,"40,860.5",490.8,39.8,西部
212000,贵阳,2016,"44,316.7",492.5,39.5,西部
212000,贵阳,2017,"48,432.6",496.6,39.2,西部
212000,贵阳,2018,"52,808.1",497.8,38.9,西部
212000,贵阳,2019,"59,047.4",500.7,38.6,西部
212000,贵阳,2020,"63,599.0",503.1,38.3,西部
212000,贵阳,2021,"67,842.5",504.8,38,西部
212000,贵阳,2022,"71,896.5",505.6,37.7,西部
212000,贵阳,2023,"77,265.5",507.5,37.4,西部
212000,贵阳,2024,"82,465.4",513.1,37.1,西部
